Rank,College Name,Base Fees,Avg Salary,College Page URL,Course Name,Course URL,Eligibility Criteria,Course Highlights,What's New,Admission Process
1,IIT Madras - Indian Institute of Technology,Salary : ₹ 19.00 Lakh,Not RankedIndia Today ' 23Not RankedTimes ' 24Not RankedOutlook ' 24,https://www.shiksha.com/college/iit-madras-indian-institute-of-technology-adyar-chennai-3031/courses,B.Sc.,https://www.shiksha.com/college/iit-madras-indian-institute-of-technology-adyar-chennai-3031/courses/bsc-bc,Eligibility Criteria Accepted Exam JEE Advanced IISER Entrance Exam JEE Main + 2 more 10+2 score 75%,"BSc at IIT Madras is a four-year, full-time programme offered at the undergraduate level. Some of the specialisations offered are BSc in Medical Sciences and Engineering , BSc in Biological Science, BSc in Electronic Systems , etc. Apart from the full-time BSc programme, IIT Madras also offers the five-year, integrated BSc + MSc programme. IIT Madras BSc admission is entirely entrance-based for the academic year 2024 as the institute accepts the rank and scores obtained by candidates in the JEE Main and accepts the scores of the IISER Aptitude Test for admission to the dual degree BS plus MS programme. Candidates seeking admission to the BS programme are required to meet the minimum eligibility criteria as mentioned below: Eligibility Criteria: Class 12 or equivalent examination with a minimum of 75% aggregate. Selection Criteria : JEE Main and IISER Aptitude Test (for dual degree BS plus MS programme) IIT Madras BSc Fees 2025 IIT Madras fees for BSc include components, such as tuition fees, hostel fees and one-time fees. There are separate mess charges that students have to pay. Given below is the IIT Madras BSc fees breakdown : Course Name One-Time Fees Tuition Fees Hostel and Mess Fees BS INR 7,050 INR 1.2 lakh - INR 10 lakh Hostel: INR 1.74 lakh Mess: INR 1.37 lakh BS plus MS INR 7,050 INR 10 lakh Hostel: INR 2.15 lakh Mess: INR 1.72 lakh Note: This information is sourced from official website/ sanctioning body and is subject to change. Candidates who wish to know more about the other programmes offered at IIT Madras can click here . For more information about IIT Madras - Indian Institute of Technology check out the below video: Read more","IIT Madras B.Sc. What’s new? Given-below some updates about BSc at IIT Madras : The IISER Aptitude Test 2025 application window is open for the 4-year BS and 5-year Integrated BS-MS courses , and the last date to apply is Apr 15, 2025. Further, the IISER Aptitude Test 2025 will be conducted on May 25, 2025 .","Ranked#1under the category'Engineering'as per theNIRF Ranking 2024, IIT Madras is the premier college to pursue Engineering programmes, especially BTech.IIT Madras course admissionsare primarilyentrance-based.The institute offers various programmes at the undergraduate, postgraduate, and doctoral levels. These courses are offered in various areas of study such as Engineering, Management, Science, etc.IIT Madras admission criteriaare completely entrance-based forBTech, MTech, MSc and BSc courses.IIT Madrasadmission to most of the courses is done through national-level entrance exams including JEE Main/ JEE Advanced, IIT JAM and GATE, among others. Candidates seeking admission to IIT Madras courses must visit the official website of these entrance exams to apply online.
Check out the below infographic to learn more aboutIIT Madras BTech admission:
Indian Institute of Technology Madrasalso known asIITMoffers the programmes through regular and full-time modes. Students are offered over ten programmes spanning multiple specialisations. Candidates seeking admission to IIT Madras can check out the most updated information related to theIIT Madras admissionsin the following highlights section:
Particulars
IIT Madras Admission Highlights
Mode of study
Regular/ Full-Time
Programmes Offered
12+ courses across multiple specialisations
How to apply?
jeemain.nta.nic.in
Level of programmes offered
Undergraduate, Postgraduate, Certificate & Doctoral-level courses
Popular programmes
BTech | MTech | PhD | MSc
Download Brochure
download
At the undergraduate level, IIT Madras offers BTech, BS & MS Dual Degree,BTech & MTech Dual Degree and BSc courses. It offers MTech, MSc and Integrated MA courses at the postgraduate level.IIT Madras entrance examfor admission to UG and PG courses includes JEE Main/ JEE Advanced, GATE, IIT JAM etc.IIT Madras admissionto the flagship BTech course is done based on JEE advanced scores. Given below is the list ofIIT Madras courseseligibility and selection criteria:
Class 12 or equivalent
Class 12 with a minimum aggregate of 60%
BE/ BTech with a minimum aggregate of 60%
Graduation in a relevant field
Class 12 or equivalent
Graduation with a minimum aggregate of 60%
Graduation in a relevant field
IIT Madras feesfor all UG & PG courses include components such as tuition fees, hostel fees and one-time fee payments. The lowest tuition fee for IIT Madras courses is INR 10,000, whereas the highest fees goes up to INR 17 lakh. On the other hand, the average package offered ranges between INR 9.6 LPA and INR 19 LPA. Candidates can check the following table for a detailed IIT Madras fee breakdown and average package for all the popular courses:
Disclaimer:This information is sourced from the official website/ sanctioning body and is subject to change.
IIT Madras fee pdf
Check out the below infographic to know if IIT Madars is worth it:
IIT Madras coursesare offered with multiple specialisation options such asAerospace Engineering,Computer Science Engineering,Mechanical Engineering, etc. Candidates need to participate in counselling conducted by the relevant body to get a seat into most of the programmes. Aspirants can check out the total seat intake for popular IIT Madras courses in the table below:
IIT Madras admission processincludes the application process, selection round, cutoff, merit list and counselling. Students must meet the eligibility and selection criteria prior to applying for the desired course. The process mainly commences online. The step-wise admission process for IIT Madras UG & PG courses is given below:
Step 1: IIT Madras Application Process
Candidates seeking admission at IIT Madras are required to complete the application form for the course-specific entrance exam. For example, for BTech, candidates are required to apply for JEE Main followed by JEE Advanced application. Similarly, for the MSc, IIT JAM application form is required to be completed. However, for MTech admission, candidates have to register for GATE first. The qualifying candidates have further applied for COAP and then applied on the official website of IIT Madras to proceed to confirm their admission.
Step 2: Selection Rounds
IIT Madras admits students to BTech courses based on JEE Main and JEE Advanced candidate's scores. Candidates are allotted seats in JoSAA Counselling for BTech, BTech-MTech (Dual Degree) and BS courses. Admission to MTech is through GATE followed by COAP Counselling. The institute considers IIT JAM and CCMN Counselling for MSc courses. Candidates can check with the admission office for the selection rounds of the rest of the courses.
Step 3: Release of Cutoff list, Counselling & Admission Confirmation
The cutoff for BTech, MTech and MSc courses is released by the respective counselling bodies. For merit-based courses, IIT Madras will release the course-wise merit list on its official website. As per theIIT Madras cut-off, candidates are called for counselling for seat allotment. Shortlisted candidates and then required to pay the admission fee to confirm their seats.
Check out the video below for information regarding theIIT Madras Data Science degree course without JEE:
Yes, there are many other courses for which the selection criteria are different and the prescribed entrance exam is also other than JEE-Main and JEE-Advanced. Below are some of the courses offered at IIT Madras along with their eligibility criteria and entrance exam:
To seek admission to the BTech programme offered at IIT Madras, candidates need to visit the official website of the National Testing Agency (NTA) and fill out the application form in online mode for JEE Main. For other courses such as MSc, MTech, BS-MS (Dual Degree) etc., candidates must visit the official website of respective national-level entrance exam conducting bodies and fill out the application form in online mode. IIT Madras admission to most of the courses is entrance-based. For detailed information around IIT Madras course admission,click here.
Qualifying marks for JEE Mains 2025, also called qualifying percentile for JEE Mains will be announced by the NTA along with the session 2 result. Candidates must note that qualifying percentile for JEE Mains 2025 is the minimum percentile required to appear in JEE Advanced 2025. For admission to NIT or IIITs, there is no provision of qualifying marks in JEE Mains 2025 and admission is given based on All India Rank in JEE Mains exam. NTA will announce JEE Mains 2025 All India rank in April after session 2 exam results.
The IIT MadrasBTechprogramme is a full-time, regular programme with a duration of 4 years. Students can pursue the programme across multiple specialisations, such asComputer Science & Engineering, Mechanical Engineering, Civil Engineering,Aerospace Engineering, and more.BTech admission at IIT Madrasis entirelyentrance-based. Aspirants require a validJEE MainandJEE Advanced score.Once the exam results are out, students must participate inJoSAA counselling for seat allotment. The minimum eligibility is to pass Class 12 in the Science stream with a minimum aggregate of 75% from a recognised board.
Compare IIT Madras with other IITs in the below infographic:
*In the absence of official data, this information is aggregated from student's verified reviews from Shiksha.
Note: This information is sourced from the official website/ sanctioning body and is subject to change.
Here is more information about the eligibility requirements, selection criteria, and fees forIIT Madras BTech admission in 2025:
As per the official website, the IIT Madras BTech fee is INR 8 lakh, which is calculated based on the first year/ semester fee. This information is sourced from the official website/ sanctioning body and is subject to change.Apart from the course fee, candidates seeking admission to the IIT Madras BTech course are also required to pay the application fee to appear for the JEE Main 2025 entrance exam. Students applying for JEE, need to pay an amount of INR 1,000 (for boys) and INR 800 (for girls). For more fee details, candidates are advised to contact the admission department of the institute.
No, IIT Madras BTech admission is only based on candidates' performance in JEE Maine exam, followed by the counselling round. JEE Main is also an eligibility test for JEE Advanced, which is conducted for admission to IITs. Candidates who have qualified for JEE Main are only eligible to appear for JEE Advanced entrance test for admission to IIT Madras BTech courses. To seek admission to the BTech programme offered at IIT Madras, candidates need to visit the official website of the National Testing Agency (NTA) and fill out the application form in online mode for JEE Main.
The eligibility criteria for the BTech course at Indian Institute of Technology Madras (IIT Madras) is that candidates should have passed Class 12 with a minimum of 75% aggregate. Aso, candidates need to clear the national-level entrance exams which include JEE Main, and JEE Advanced. Further, the duration of the course is areound four years. Eligible candidates can apply by visiting the official website of these national level entrance exams.
Hello aspirant!
IIT Madras BTech cutoff 2024got released across multiple specialisations. Based on the Round 1 seat allotment, to get into IIT Madras, students must score between159and,9912for the General AII India category. In addition to that, For getting into BTech Mechanical Engineering, you must have a rank upto 2302. Also, Mechanical Engineering is one of the most competitive BTech specialisations at IIT Madras. So, considering the round 1 cutoff, if you are seeking admission toIndian Institute of Technology Madras,you must secure a maximum rank upto 9912.
A detailed course-wise IIT Madras JEE Advanced cutoff 2024 is given below for the General category students under the AII India Quota.
A two-year MTech course is offered across 26 specialisations at IIT Madras. A valid GATE score is required to secure a seat in MTech course at IIT Madras. The total seat intake for MTech course is 717. Later on, the seats are offered via the COAP Counselling process. More details aroundIIT Madras MTech admission 2025are as follows:
MTech admission at IIT Madras is primarily based on GATE scores, followed by COAP counselling. However, as per the basic eligibility criteria mentioned on the official website of IIT Madras, getting admission at the institute without qualifying for the GATE entrance exam is possible.
For this, candidates must have a BTech degree from one of the IITs, with a minimumCGPA of 8.0(on a scale of 10). Such candidates can directly apply for MTech admission through the official IIT Madras website. These applications are then reviewed by the respective departments before taking the final admission decision.
Candidates seeking for admission to M.Tech at IIT Madras, candidates must pass graduation with minimum 60% aggregate as the minimum eligibility criteria for General category candidtaes.
In addition to this, candidates must also qualify GATE exam with a valid score. The cutoff may fluctuate every year, as it depends upon multiple factors. As per witnessing the last three years' closing cutoff for M.Tech course at IIT Madras, the highest closing ranks have been between 500 to 800 made for all top specialisations.
Predict your chances of getting a seat to M.Tech course at IIT Madras.
IIT Madras admissions for BTech are entirely entrance-based. To secure a seat at top BTech specialisations at IIT Madras, candidates must qualify forJEE Main, followed byJEE Advancedwith a good rank. Candidates who passed Class 12 with a minimum of 75% aggregate are eligible to sit for the respective entrance exam. Candidates will be selected based on their past academic records and scores obtained in the respective entrance exams. Furthermore, the selected candidates will be allocated seats through theJoSAA Counselling process.
At the PG level, IIT Madras offers admission to a two-year MSc course. Candidates who passed graduation in BSc are eligible to apply for the course. Further, a valid IIT JAM score is also required to get admission toIIT Madras MSc admission 2025.
Yes, you can do anMSc at IIT Madras.The institute offers a two-year postgraduate degree for this course. Students can pursue the course in the field of Physics, Chemistry, and Mathematics. Those looking to enrol in IIT Madras MSc need to clear JAM exam. Additionally, to be eligible forMSc admission at IIT Madras, students must have passed an UG degree or should be currently studying in the final year of the UG programme. Proof of having passed the undergraduate degree must be submitted at the time of admission. Interested candidates can visit the official website of IITM to know more about the course.
The eligibility criteria for MSc course at IIndian Institute of Technology Madras (IIT Madras) is that candidate should have passed Class 12 with a minimum of 75% aggregate. Moreover, candidates should have passed graduation with a minimum of 50% aggregate. The IIT Madras MSc admissions is based on entrance exam. The entrance exams accepted include JEE Main, JEE Advanced, and IIT JAM. Additionally, the duration of the course range between two to five years. Candidates can visit the official website to apply.
TheIIT Madras MBA admissionsare entirely based on a validCATscore. The total tuition fee forMBAis INR 1.3 lakh. Candidates are selected based on a Reflective Writing and Personal Interview, Composite (CAT score, Past academic performance, Work experience, Academic & Gender Diversity and Other Achievements). More details aroundIIT Madras MBA admissions 2025are as follows:
IIT Madras MBA fee ranges betweenINR 1.3 lakhandINR 1.7 lakh. The fee structure may vary for bothDay Scholars and Hostellers. The regular day scholars have to particularly pay forTuition Fees, Establishment Chargesandfor Extra-curricular activities. Additionally, hosteller candidates have to pay forHostel Admission FeesandAdvanced Dining Charges, also. However, this information is sourced from official website/ sanctioning body and is subject to change.Candidates are advised to contact the admission department of the University for a detailed IIT Madras MBA fees structure.
IIT Madras MBA admission is based on candidates' performance in CAT, conducted by IIMs. Students seeking admission can apply online by visiting the official website of CAT. The final admission is granted on the basis of CAT score, past academic record, work experience, performance in PI round, academic diversity, gender diversity and other achievements (if any). Apart from all these, candidates also need to fulfil the minimum eligibility requirement. Check here theCAT exam patternand detailedsyllabusto ace the exam.
Yes, IIT Madras can be one of the prime choice for MBA aspirants. The institute recorded a100% placement ratefor its MBA batch passing out in 2024. Thehighestandaverage packageoffered during IIT Madras MBA placements in 2024 stood atINR 29.65andINR 16.93 LPA,respectively. Further, themedian packageoffered to during IIT Madras MBA placements in 2024 stood atINR 20.40 LPA.
Talking about theIndian Institute of Technology Madras rankings, the institute has beenranked 15by the National Institutional  Ranking Framework (NIRF) 2023 for its Management category courses. In the year 2022, IIT Madras was ranked 10 in the Management category by the NIRF. Find here about the othertop ranking IITs in India.

ADMISSION HIGHLIGHTS:
Particulars | IIT Madras Admission Highlights
Mode of study | Regular/ Full-Time
Programmes Offered | 12+ courses across multiple specialisations
How to apply? | jeemain.nta.nic.in
Level of programmes offered | Undergraduate, Postgraduate, Certificate & Doctoral-level courses
Popular programmes | BTech | MTech | PhD | MSc
Download Brochure | download"
1,IIT Madras - Indian Institute of Technology,Salary : ₹ 19.00 Lakh,Not RankedIndia Today ' 23Not RankedTimes ' 24Not RankedOutlook ' 24,https://www.shiksha.com/college/iit-madras-indian-institute-of-technology-adyar-chennai-3031/courses,B.E. / B.Tech,https://www.shiksha.com/college/iit-madras-indian-institute-of-technology-adyar-chennai-3031/courses/be-btech-bc,Eligibility Criteria Accepted Exam JEE Advanced JEE Main + 1 more 10+2 score 75%,"BTech at IIT Madras is a four-year programme offered across 10 specialisations in full-time mode. Admission to IIT Madras BTech courses is completely entrance-based. The institute also offers a five-year integrated course of BTech + MTech in four other specialisations. IIT Chennai admission 2025 for both courses is done through a common process. The details about IIT Madras BTech is described in detail in the below infographic: Note: This information is sourced from official website/ sanctioning body and is subject to change. IIT Madras BTech admission is based on the JEE Main, followed by the JEE Advanced score. The centralised counselling process is managed and regulated by the JoSAA , based on which candidates are allotted seats. The seat allotment is based on the institute cut-off and a candidate's preference for courses and colleges. The registration and choice filling of JoSAA 2024 generally begins in the third week of June in online mode. Given below is the BTech eligibility and selection criteria along with the admission details for the integrated BTech course: Course Name Eligibility Selection Criteria BTech Class 12 with a minimum of 75% aggregate in PCM JEE Main + JEE Advanced + JoSAA Counselling BTech + MTech (Dual degree) Class 12 with a minimum of 75% aggregate in PCM JEE Main + JEE Advanced + JoSAA Counselling IIT Madras BTech Fees 2025 IIT Madras BTech fees range between INR 5.3 lakh - INR 10 lakh depending upon the specialisation selected by candidates. In addition, according to the IIT Madras fee structure for BTech candidates have to pay a one-time fee of INR 7,050 to avail admission into the programme. Candidates can have a look at the table below to get an understanding of the eligibility criteria and return on investment of IIT Madras. Note: This information is sourced from official website/ sanctioning body and is subject to change. Read more","IIT Madras B.E. / B.Tech What’s new? Watch out this space for the latest information regarding BTech at IIT Madras : The JEE Main Session 2 result 2025 has been released for admission to BE/BTech courses . Candidates who appeared for the exam can log in and check or download their scorecards from the official website. The JEE Advanced 2025 registration window for the BTech course is now open, and the last date to register is May 2, 2025 . To confirm the registration process, candidates must pay their registration fee latest by May 5, 2025 . In addition, the JEE Advanced 2025 examination will be held on May 18, 2025 . Read more","Ranked#1under the category'Engineering'as per theNIRF Ranking 2024, IIT Madras is the premier college to pursue Engineering programmes, especially BTech.IIT Madras course admissionsare primarilyentrance-based.The institute offers various programmes at the undergraduate, postgraduate, and doctoral levels. These courses are offered in various areas of study such as Engineering, Management, Science, etc.IIT Madras admission criteriaare completely entrance-based forBTech, MTech, MSc and BSc courses.IIT Madrasadmission to most of the courses is done through national-level entrance exams including JEE Main/ JEE Advanced, IIT JAM and GATE, among others. Candidates seeking admission to IIT Madras courses must visit the official website of these entrance exams to apply online.
Check out the below infographic to learn more aboutIIT Madras BTech admission:
Indian Institute of Technology Madrasalso known asIITMoffers the programmes through regular and full-time modes. Students are offered over ten programmes spanning multiple specialisations. Candidates seeking admission to IIT Madras can check out the most updated information related to theIIT Madras admissionsin the following highlights section:
Particulars
IIT Madras Admission Highlights
Mode of study
Regular/ Full-Time
Programmes Offered
12+ courses across multiple specialisations
How to apply?
jeemain.nta.nic.in
Level of programmes offered
Undergraduate, Postgraduate, Certificate & Doctoral-level courses
Popular programmes
BTech | MTech | PhD | MSc
Download Brochure
download
At the undergraduate level, IIT Madras offers BTech, BS & MS Dual Degree,BTech & MTech Dual Degree and BSc courses. It offers MTech, MSc and Integrated MA courses at the postgraduate level.IIT Madras entrance examfor admission to UG and PG courses includes JEE Main/ JEE Advanced, GATE, IIT JAM etc.IIT Madras admissionto the flagship BTech course is done based on JEE advanced scores. Given below is the list ofIIT Madras courseseligibility and selection criteria:
Class 12 or equivalent
Class 12 with a minimum aggregate of 60%
BE/ BTech with a minimum aggregate of 60%
Graduation in a relevant field
Class 12 or equivalent
Graduation with a minimum aggregate of 60%
Graduation in a relevant field
IIT Madras feesfor all UG & PG courses include components such as tuition fees, hostel fees and one-time fee payments. The lowest tuition fee for IIT Madras courses is INR 10,000, whereas the highest fees goes up to INR 17 lakh. On the other hand, the average package offered ranges between INR 9.6 LPA and INR 19 LPA. Candidates can check the following table for a detailed IIT Madras fee breakdown and average package for all the popular courses:
Disclaimer:This information is sourced from the official website/ sanctioning body and is subject to change.
IIT Madras fee pdf
Check out the below infographic to know if IIT Madars is worth it:
IIT Madras coursesare offered with multiple specialisation options such asAerospace Engineering,Computer Science Engineering,Mechanical Engineering, etc. Candidates need to participate in counselling conducted by the relevant body to get a seat into most of the programmes. Aspirants can check out the total seat intake for popular IIT Madras courses in the table below:
IIT Madras admission processincludes the application process, selection round, cutoff, merit list and counselling. Students must meet the eligibility and selection criteria prior to applying for the desired course. The process mainly commences online. The step-wise admission process for IIT Madras UG & PG courses is given below:
Step 1: IIT Madras Application Process
Candidates seeking admission at IIT Madras are required to complete the application form for the course-specific entrance exam. For example, for BTech, candidates are required to apply for JEE Main followed by JEE Advanced application. Similarly, for the MSc, IIT JAM application form is required to be completed. However, for MTech admission, candidates have to register for GATE first. The qualifying candidates have further applied for COAP and then applied on the official website of IIT Madras to proceed to confirm their admission.
Step 2: Selection Rounds
IIT Madras admits students to BTech courses based on JEE Main and JEE Advanced candidate's scores. Candidates are allotted seats in JoSAA Counselling for BTech, BTech-MTech (Dual Degree) and BS courses. Admission to MTech is through GATE followed by COAP Counselling. The institute considers IIT JAM and CCMN Counselling for MSc courses. Candidates can check with the admission office for the selection rounds of the rest of the courses.
Step 3: Release of Cutoff list, Counselling & Admission Confirmation
The cutoff for BTech, MTech and MSc courses is released by the respective counselling bodies. For merit-based courses, IIT Madras will release the course-wise merit list on its official website. As per theIIT Madras cut-off, candidates are called for counselling for seat allotment. Shortlisted candidates and then required to pay the admission fee to confirm their seats.
Check out the video below for information regarding theIIT Madras Data Science degree course without JEE:
Yes, there are many other courses for which the selection criteria are different and the prescribed entrance exam is also other than JEE-Main and JEE-Advanced. Below are some of the courses offered at IIT Madras along with their eligibility criteria and entrance exam:
To seek admission to the BTech programme offered at IIT Madras, candidates need to visit the official website of the National Testing Agency (NTA) and fill out the application form in online mode for JEE Main. For other courses such as MSc, MTech, BS-MS (Dual Degree) etc., candidates must visit the official website of respective national-level entrance exam conducting bodies and fill out the application form in online mode. IIT Madras admission to most of the courses is entrance-based. For detailed information around IIT Madras course admission,click here.
Qualifying marks for JEE Mains 2025, also called qualifying percentile for JEE Mains will be announced by the NTA along with the session 2 result. Candidates must note that qualifying percentile for JEE Mains 2025 is the minimum percentile required to appear in JEE Advanced 2025. For admission to NIT or IIITs, there is no provision of qualifying marks in JEE Mains 2025 and admission is given based on All India Rank in JEE Mains exam. NTA will announce JEE Mains 2025 All India rank in April after session 2 exam results.
The IIT MadrasBTechprogramme is a full-time, regular programme with a duration of 4 years. Students can pursue the programme across multiple specialisations, such asComputer Science & Engineering, Mechanical Engineering, Civil Engineering,Aerospace Engineering, and more.BTech admission at IIT Madrasis entirelyentrance-based. Aspirants require a validJEE MainandJEE Advanced score.Once the exam results are out, students must participate inJoSAA counselling for seat allotment. The minimum eligibility is to pass Class 12 in the Science stream with a minimum aggregate of 75% from a recognised board.
Compare IIT Madras with other IITs in the below infographic:
*In the absence of official data, this information is aggregated from student's verified reviews from Shiksha.
Note: This information is sourced from the official website/ sanctioning body and is subject to change.
Here is more information about the eligibility requirements, selection criteria, and fees forIIT Madras BTech admission in 2025:
As per the official website, the IIT Madras BTech fee is INR 8 lakh, which is calculated based on the first year/ semester fee. This information is sourced from the official website/ sanctioning body and is subject to change.Apart from the course fee, candidates seeking admission to the IIT Madras BTech course are also required to pay the application fee to appear for the JEE Main 2025 entrance exam. Students applying for JEE, need to pay an amount of INR 1,000 (for boys) and INR 800 (for girls). For more fee details, candidates are advised to contact the admission department of the institute.
No, IIT Madras BTech admission is only based on candidates' performance in JEE Maine exam, followed by the counselling round. JEE Main is also an eligibility test for JEE Advanced, which is conducted for admission to IITs. Candidates who have qualified for JEE Main are only eligible to appear for JEE Advanced entrance test for admission to IIT Madras BTech courses. To seek admission to the BTech programme offered at IIT Madras, candidates need to visit the official website of the National Testing Agency (NTA) and fill out the application form in online mode for JEE Main.
The eligibility criteria for the BTech course at Indian Institute of Technology Madras (IIT Madras) is that candidates should have passed Class 12 with a minimum of 75% aggregate. Aso, candidates need to clear the national-level entrance exams which include JEE Main, and JEE Advanced. Further, the duration of the course is areound four years. Eligible candidates can apply by visiting the official website of these national level entrance exams.
Hello aspirant!
IIT Madras BTech cutoff 2024got released across multiple specialisations. Based on the Round 1 seat allotment, to get into IIT Madras, students must score between159and,9912for the General AII India category. In addition to that, For getting into BTech Mechanical Engineering, you must have a rank upto 2302. Also, Mechanical Engineering is one of the most competitive BTech specialisations at IIT Madras. So, considering the round 1 cutoff, if you are seeking admission toIndian Institute of Technology Madras,you must secure a maximum rank upto 9912.
A detailed course-wise IIT Madras JEE Advanced cutoff 2024 is given below for the General category students under the AII India Quota.
A two-year MTech course is offered across 26 specialisations at IIT Madras. A valid GATE score is required to secure a seat in MTech course at IIT Madras. The total seat intake for MTech course is 717. Later on, the seats are offered via the COAP Counselling process. More details aroundIIT Madras MTech admission 2025are as follows:
MTech admission at IIT Madras is primarily based on GATE scores, followed by COAP counselling. However, as per the basic eligibility criteria mentioned on the official website of IIT Madras, getting admission at the institute without qualifying for the GATE entrance exam is possible.
For this, candidates must have a BTech degree from one of the IITs, with a minimumCGPA of 8.0(on a scale of 10). Such candidates can directly apply for MTech admission through the official IIT Madras website. These applications are then reviewed by the respective departments before taking the final admission decision.
Candidates seeking for admission to M.Tech at IIT Madras, candidates must pass graduation with minimum 60% aggregate as the minimum eligibility criteria for General category candidtaes.
In addition to this, candidates must also qualify GATE exam with a valid score. The cutoff may fluctuate every year, as it depends upon multiple factors. As per witnessing the last three years' closing cutoff for M.Tech course at IIT Madras, the highest closing ranks have been between 500 to 800 made for all top specialisations.
Predict your chances of getting a seat to M.Tech course at IIT Madras.
IIT Madras admissions for BTech are entirely entrance-based. To secure a seat at top BTech specialisations at IIT Madras, candidates must qualify forJEE Main, followed byJEE Advancedwith a good rank. Candidates who passed Class 12 with a minimum of 75% aggregate are eligible to sit for the respective entrance exam. Candidates will be selected based on their past academic records and scores obtained in the respective entrance exams. Furthermore, the selected candidates will be allocated seats through theJoSAA Counselling process.
At the PG level, IIT Madras offers admission to a two-year MSc course. Candidates who passed graduation in BSc are eligible to apply for the course. Further, a valid IIT JAM score is also required to get admission toIIT Madras MSc admission 2025.
Yes, you can do anMSc at IIT Madras.The institute offers a two-year postgraduate degree for this course. Students can pursue the course in the field of Physics, Chemistry, and Mathematics. Those looking to enrol in IIT Madras MSc need to clear JAM exam. Additionally, to be eligible forMSc admission at IIT Madras, students must have passed an UG degree or should be currently studying in the final year of the UG programme. Proof of having passed the undergraduate degree must be submitted at the time of admission. Interested candidates can visit the official website of IITM to know more about the course.
The eligibility criteria for MSc course at IIndian Institute of Technology Madras (IIT Madras) is that candidate should have passed Class 12 with a minimum of 75% aggregate. Moreover, candidates should have passed graduation with a minimum of 50% aggregate. The IIT Madras MSc admissions is based on entrance exam. The entrance exams accepted include JEE Main, JEE Advanced, and IIT JAM. Additionally, the duration of the course range between two to five years. Candidates can visit the official website to apply.
TheIIT Madras MBA admissionsare entirely based on a validCATscore. The total tuition fee forMBAis INR 1.3 lakh. Candidates are selected based on a Reflective Writing and Personal Interview, Composite (CAT score, Past academic performance, Work experience, Academic & Gender Diversity and Other Achievements). More details aroundIIT Madras MBA admissions 2025are as follows:
IIT Madras MBA fee ranges betweenINR 1.3 lakhandINR 1.7 lakh. The fee structure may vary for bothDay Scholars and Hostellers. The regular day scholars have to particularly pay forTuition Fees, Establishment Chargesandfor Extra-curricular activities. Additionally, hosteller candidates have to pay forHostel Admission FeesandAdvanced Dining Charges, also. However, this information is sourced from official website/ sanctioning body and is subject to change.Candidates are advised to contact the admission department of the University for a detailed IIT Madras MBA fees structure.
IIT Madras MBA admission is based on candidates' performance in CAT, conducted by IIMs. Students seeking admission can apply online by visiting the official website of CAT. The final admission is granted on the basis of CAT score, past academic record, work experience, performance in PI round, academic diversity, gender diversity and other achievements (if any). Apart from all these, candidates also need to fulfil the minimum eligibility requirement. Check here theCAT exam patternand detailedsyllabusto ace the exam.
Yes, IIT Madras can be one of the prime choice for MBA aspirants. The institute recorded a100% placement ratefor its MBA batch passing out in 2024. Thehighestandaverage packageoffered during IIT Madras MBA placements in 2024 stood atINR 29.65andINR 16.93 LPA,respectively. Further, themedian packageoffered to during IIT Madras MBA placements in 2024 stood atINR 20.40 LPA.
Talking about theIndian Institute of Technology Madras rankings, the institute has beenranked 15by the National Institutional  Ranking Framework (NIRF) 2023 for its Management category courses. In the year 2022, IIT Madras was ranked 10 in the Management category by the NIRF. Find here about the othertop ranking IITs in India.

ADMISSION HIGHLIGHTS:
Particulars | IIT Madras Admission Highlights
Mode of study | Regular/ Full-Time
Programmes Offered | 12+ courses across multiple specialisations
How to apply? | jeemain.nta.nic.in
Level of programmes offered | Undergraduate, Postgraduate, Certificate & Doctoral-level courses
Popular programmes | BTech | MTech | PhD | MSc
Download Brochure | download"
1,IIT Madras - Indian Institute of Technology,Salary : ₹ 19.00 Lakh,Not RankedIndia Today ' 23Not RankedTimes ' 24Not RankedOutlook ' 24,https://www.shiksha.com/college/iit-madras-indian-institute-of-technology-adyar-chennai-3031/courses,M.E./M.Tech,https://www.shiksha.com/college/iit-madras-indian-institute-of-technology-adyar-chennai-3031/courses/me-mtech-bc,Eligibility Criteria Accepted Exam GATE COAP JEE Main JEE Advanced + 3 more 10+2 score 75%,"IIT Madras offers an MTech course at the postgraduate level in a full-time mode. The duration of this programme is two years. The institute offers 26 MTech specialisations along with three interdisciplinary specialisations for BE/ BTech graduates across 13 departments. Some of these specialisations include, MTech in Computer Science and Engineering , MTech in Biomedical Engineering, MTech in Aerospace Engineering , etc. IIT Madras MTech admission 2025 is based on a valid GATE score obtained by eligible candidates. The seat allotment process is then carried out through COAP Counselling. Based on the GATE score, the merit list is prepared by the board and then seats are offered based on the availability of seats at the institute. On acceptance of the seats through the COAP portal, candidates can reserve their seats by paying admission fees to the institute. Given below is the IIT Madras MTech eligibility criteria : Eligibility: BE/ BTech first-class degree with a minimum aggregate of 60%. IIT Madras MTech Fees 2025 IIT Madras fees for MTech courses include components such as tuition fees, hostel fees and, one-time fee payments. There are separate hostel and mess charges that students have to pay. Candidates can check the following table for detailed IIT Madras MTech fees: One-Time Fees Tuition Fees Hostel & Mess Fees INR 7,250 INR 20,000 Hostel: INR 88,800 Mess: INR 68,800 Note: This information is sourced from official website/ sanctioning body and is subject to change. Candidates can also read more about IIT Madras courses Read more","IIT Madras M.E./M.Tech What’s new? MTech July 2025 applications are open, and the last date to apply is extended to May 2, 2025. The GATE COAP 2025 registration is open for the ME/MTech courses , and the deadline is May 15, 2025 . Further, the GATE COAP 2025 round 1 window to view offers and take a decision will be opened on May 17, 2025 (10 AM).","Ranked#1under the category'Engineering'as per theNIRF Ranking 2024, IIT Madras is the premier college to pursue Engineering programmes, especially BTech.IIT Madras course admissionsare primarilyentrance-based.The institute offers various programmes at the undergraduate, postgraduate, and doctoral levels. These courses are offered in various areas of study such as Engineering, Management, Science, etc.IIT Madras admission criteriaare completely entrance-based forBTech, MTech, MSc and BSc courses.IIT Madrasadmission to most of the courses is done through national-level entrance exams including JEE Main/ JEE Advanced, IIT JAM and GATE, among others. Candidates seeking admission to IIT Madras courses must visit the official website of these entrance exams to apply online.
Check out the below infographic to learn more aboutIIT Madras BTech admission:
Indian Institute of Technology Madrasalso known asIITMoffers the programmes through regular and full-time modes. Students are offered over ten programmes spanning multiple specialisations. Candidates seeking admission to IIT Madras can check out the most updated information related to theIIT Madras admissionsin the following highlights section:
Particulars
IIT Madras Admission Highlights
Mode of study
Regular/ Full-Time
Programmes Offered
12+ courses across multiple specialisations
How to apply?
jeemain.nta.nic.in
Level of programmes offered
Undergraduate, Postgraduate, Certificate & Doctoral-level courses
Popular programmes
BTech | MTech | PhD | MSc
Download Brochure
download
At the undergraduate level, IIT Madras offers BTech, BS & MS Dual Degree,BTech & MTech Dual Degree and BSc courses. It offers MTech, MSc and Integrated MA courses at the postgraduate level.IIT Madras entrance examfor admission to UG and PG courses includes JEE Main/ JEE Advanced, GATE, IIT JAM etc.IIT Madras admissionto the flagship BTech course is done based on JEE advanced scores. Given below is the list ofIIT Madras courseseligibility and selection criteria:
Class 12 or equivalent
Class 12 with a minimum aggregate of 60%
BE/ BTech with a minimum aggregate of 60%
Graduation in a relevant field
Class 12 or equivalent
Graduation with a minimum aggregate of 60%
Graduation in a relevant field
IIT Madras feesfor all UG & PG courses include components such as tuition fees, hostel fees and one-time fee payments. The lowest tuition fee for IIT Madras courses is INR 10,000, whereas the highest fees goes up to INR 17 lakh. On the other hand, the average package offered ranges between INR 9.6 LPA and INR 19 LPA. Candidates can check the following table for a detailed IIT Madras fee breakdown and average package for all the popular courses:
Disclaimer:This information is sourced from the official website/ sanctioning body and is subject to change.
IIT Madras fee pdf
Check out the below infographic to know if IIT Madars is worth it:
IIT Madras coursesare offered with multiple specialisation options such asAerospace Engineering,Computer Science Engineering,Mechanical Engineering, etc. Candidates need to participate in counselling conducted by the relevant body to get a seat into most of the programmes. Aspirants can check out the total seat intake for popular IIT Madras courses in the table below:
IIT Madras admission processincludes the application process, selection round, cutoff, merit list and counselling. Students must meet the eligibility and selection criteria prior to applying for the desired course. The process mainly commences online. The step-wise admission process for IIT Madras UG & PG courses is given below:
Step 1: IIT Madras Application Process
Candidates seeking admission at IIT Madras are required to complete the application form for the course-specific entrance exam. For example, for BTech, candidates are required to apply for JEE Main followed by JEE Advanced application. Similarly, for the MSc, IIT JAM application form is required to be completed. However, for MTech admission, candidates have to register for GATE first. The qualifying candidates have further applied for COAP and then applied on the official website of IIT Madras to proceed to confirm their admission.
Step 2: Selection Rounds
IIT Madras admits students to BTech courses based on JEE Main and JEE Advanced candidate's scores. Candidates are allotted seats in JoSAA Counselling for BTech, BTech-MTech (Dual Degree) and BS courses. Admission to MTech is through GATE followed by COAP Counselling. The institute considers IIT JAM and CCMN Counselling for MSc courses. Candidates can check with the admission office for the selection rounds of the rest of the courses.
Step 3: Release of Cutoff list, Counselling & Admission Confirmation
The cutoff for BTech, MTech and MSc courses is released by the respective counselling bodies. For merit-based courses, IIT Madras will release the course-wise merit list on its official website. As per theIIT Madras cut-off, candidates are called for counselling for seat allotment. Shortlisted candidates and then required to pay the admission fee to confirm their seats.
Check out the video below for information regarding theIIT Madras Data Science degree course without JEE:
Yes, there are many other courses for which the selection criteria are different and the prescribed entrance exam is also other than JEE-Main and JEE-Advanced. Below are some of the courses offered at IIT Madras along with their eligibility criteria and entrance exam:
To seek admission to the BTech programme offered at IIT Madras, candidates need to visit the official website of the National Testing Agency (NTA) and fill out the application form in online mode for JEE Main. For other courses such as MSc, MTech, BS-MS (Dual Degree) etc., candidates must visit the official website of respective national-level entrance exam conducting bodies and fill out the application form in online mode. IIT Madras admission to most of the courses is entrance-based. For detailed information around IIT Madras course admission,click here.
Qualifying marks for JEE Mains 2025, also called qualifying percentile for JEE Mains will be announced by the NTA along with the session 2 result. Candidates must note that qualifying percentile for JEE Mains 2025 is the minimum percentile required to appear in JEE Advanced 2025. For admission to NIT or IIITs, there is no provision of qualifying marks in JEE Mains 2025 and admission is given based on All India Rank in JEE Mains exam. NTA will announce JEE Mains 2025 All India rank in April after session 2 exam results.
The IIT MadrasBTechprogramme is a full-time, regular programme with a duration of 4 years. Students can pursue the programme across multiple specialisations, such asComputer Science & Engineering, Mechanical Engineering, Civil Engineering,Aerospace Engineering, and more.BTech admission at IIT Madrasis entirelyentrance-based. Aspirants require a validJEE MainandJEE Advanced score.Once the exam results are out, students must participate inJoSAA counselling for seat allotment. The minimum eligibility is to pass Class 12 in the Science stream with a minimum aggregate of 75% from a recognised board.
Compare IIT Madras with other IITs in the below infographic:
*In the absence of official data, this information is aggregated from student's verified reviews from Shiksha.
Note: This information is sourced from the official website/ sanctioning body and is subject to change.
Here is more information about the eligibility requirements, selection criteria, and fees forIIT Madras BTech admission in 2025:
As per the official website, the IIT Madras BTech fee is INR 8 lakh, which is calculated based on the first year/ semester fee. This information is sourced from the official website/ sanctioning body and is subject to change.Apart from the course fee, candidates seeking admission to the IIT Madras BTech course are also required to pay the application fee to appear for the JEE Main 2025 entrance exam. Students applying for JEE, need to pay an amount of INR 1,000 (for boys) and INR 800 (for girls). For more fee details, candidates are advised to contact the admission department of the institute.
No, IIT Madras BTech admission is only based on candidates' performance in JEE Maine exam, followed by the counselling round. JEE Main is also an eligibility test for JEE Advanced, which is conducted for admission to IITs. Candidates who have qualified for JEE Main are only eligible to appear for JEE Advanced entrance test for admission to IIT Madras BTech courses. To seek admission to the BTech programme offered at IIT Madras, candidates need to visit the official website of the National Testing Agency (NTA) and fill out the application form in online mode for JEE Main.
The eligibility criteria for the BTech course at Indian Institute of Technology Madras (IIT Madras) is that candidates should have passed Class 12 with a minimum of 75% aggregate. Aso, candidates need to clear the national-level entrance exams which include JEE Main, and JEE Advanced. Further, the duration of the course is areound four years. Eligible candidates can apply by visiting the official website of these national level entrance exams.
Hello aspirant!
IIT Madras BTech cutoff 2024got released across multiple specialisations. Based on the Round 1 seat allotment, to get into IIT Madras, students must score between159and,9912for the General AII India category. In addition to that, For getting into BTech Mechanical Engineering, you must have a rank upto 2302. Also, Mechanical Engineering is one of the most competitive BTech specialisations at IIT Madras. So, considering the round 1 cutoff, if you are seeking admission toIndian Institute of Technology Madras,you must secure a maximum rank upto 9912.
A detailed course-wise IIT Madras JEE Advanced cutoff 2024 is given below for the General category students under the AII India Quota.
A two-year MTech course is offered across 26 specialisations at IIT Madras. A valid GATE score is required to secure a seat in MTech course at IIT Madras. The total seat intake for MTech course is 717. Later on, the seats are offered via the COAP Counselling process. More details aroundIIT Madras MTech admission 2025are as follows:
MTech admission at IIT Madras is primarily based on GATE scores, followed by COAP counselling. However, as per the basic eligibility criteria mentioned on the official website of IIT Madras, getting admission at the institute without qualifying for the GATE entrance exam is possible.
For this, candidates must have a BTech degree from one of the IITs, with a minimumCGPA of 8.0(on a scale of 10). Such candidates can directly apply for MTech admission through the official IIT Madras website. These applications are then reviewed by the respective departments before taking the final admission decision.
Candidates seeking for admission to M.Tech at IIT Madras, candidates must pass graduation with minimum 60% aggregate as the minimum eligibility criteria for General category candidtaes.
In addition to this, candidates must also qualify GATE exam with a valid score. The cutoff may fluctuate every year, as it depends upon multiple factors. As per witnessing the last three years' closing cutoff for M.Tech course at IIT Madras, the highest closing ranks have been between 500 to 800 made for all top specialisations.
Predict your chances of getting a seat to M.Tech course at IIT Madras.
IIT Madras admissions for BTech are entirely entrance-based. To secure a seat at top BTech specialisations at IIT Madras, candidates must qualify forJEE Main, followed byJEE Advancedwith a good rank. Candidates who passed Class 12 with a minimum of 75% aggregate are eligible to sit for the respective entrance exam. Candidates will be selected based on their past academic records and scores obtained in the respective entrance exams. Furthermore, the selected candidates will be allocated seats through theJoSAA Counselling process.
At the PG level, IIT Madras offers admission to a two-year MSc course. Candidates who passed graduation in BSc are eligible to apply for the course. Further, a valid IIT JAM score is also required to get admission toIIT Madras MSc admission 2025.
Yes, you can do anMSc at IIT Madras.The institute offers a two-year postgraduate degree for this course. Students can pursue the course in the field of Physics, Chemistry, and Mathematics. Those looking to enrol in IIT Madras MSc need to clear JAM exam. Additionally, to be eligible forMSc admission at IIT Madras, students must have passed an UG degree or should be currently studying in the final year of the UG programme. Proof of having passed the undergraduate degree must be submitted at the time of admission. Interested candidates can visit the official website of IITM to know more about the course.
The eligibility criteria for MSc course at IIndian Institute of Technology Madras (IIT Madras) is that candidate should have passed Class 12 with a minimum of 75% aggregate. Moreover, candidates should have passed graduation with a minimum of 50% aggregate. The IIT Madras MSc admissions is based on entrance exam. The entrance exams accepted include JEE Main, JEE Advanced, and IIT JAM. Additionally, the duration of the course range between two to five years. Candidates can visit the official website to apply.
TheIIT Madras MBA admissionsare entirely based on a validCATscore. The total tuition fee forMBAis INR 1.3 lakh. Candidates are selected based on a Reflective Writing and Personal Interview, Composite (CAT score, Past academic performance, Work experience, Academic & Gender Diversity and Other Achievements). More details aroundIIT Madras MBA admissions 2025are as follows:
IIT Madras MBA fee ranges betweenINR 1.3 lakhandINR 1.7 lakh. The fee structure may vary for bothDay Scholars and Hostellers. The regular day scholars have to particularly pay forTuition Fees, Establishment Chargesandfor Extra-curricular activities. Additionally, hosteller candidates have to pay forHostel Admission FeesandAdvanced Dining Charges, also. However, this information is sourced from official website/ sanctioning body and is subject to change.Candidates are advised to contact the admission department of the University for a detailed IIT Madras MBA fees structure.
IIT Madras MBA admission is based on candidates' performance in CAT, conducted by IIMs. Students seeking admission can apply online by visiting the official website of CAT. The final admission is granted on the basis of CAT score, past academic record, work experience, performance in PI round, academic diversity, gender diversity and other achievements (if any). Apart from all these, candidates also need to fulfil the minimum eligibility requirement. Check here theCAT exam patternand detailedsyllabusto ace the exam.
Yes, IIT Madras can be one of the prime choice for MBA aspirants. The institute recorded a100% placement ratefor its MBA batch passing out in 2024. Thehighestandaverage packageoffered during IIT Madras MBA placements in 2024 stood atINR 29.65andINR 16.93 LPA,respectively. Further, themedian packageoffered to during IIT Madras MBA placements in 2024 stood atINR 20.40 LPA.
Talking about theIndian Institute of Technology Madras rankings, the institute has beenranked 15by the National Institutional  Ranking Framework (NIRF) 2023 for its Management category courses. In the year 2022, IIT Madras was ranked 10 in the Management category by the NIRF. Find here about the othertop ranking IITs in India.

ADMISSION HIGHLIGHTS:
Particulars | IIT Madras Admission Highlights
Mode of study | Regular/ Full-Time
Programmes Offered | 12+ courses across multiple specialisations
How to apply? | jeemain.nta.nic.in
Level of programmes offered | Undergraduate, Postgraduate, Certificate & Doctoral-level courses
Popular programmes | BTech | MTech | PhD | MSc
Download Brochure | download"
1,IIT Madras - Indian Institute of Technology,Salary : ₹ 19.00 Lakh,Not RankedIndia Today ' 23Not RankedTimes ' 24Not RankedOutlook ' 24,https://www.shiksha.com/college/iit-madras-indian-institute-of-technology-adyar-chennai-3031/courses,BTech,https://www.shiksha.com/college/iit-madras-indian-institute-of-technology-adyar-chennai-3031/courses/be-btech-bc,Eligibility Criteria Accepted Exam JEE Advanced JEE Main + 1 more 10+2 score 75%,"BTech at IIT Madras is a four-year programme offered across 10 specialisations in full-time mode. Admission to IIT Madras BTech courses is completely entrance-based. The institute also offers a five-year integrated course of BTech + MTech in four other specialisations. IIT Chennai admission 2025 for both courses is done through a common process. The details about IIT Madras BTech is described in detail in the below infographic: Note: This information is sourced from official website/ sanctioning body and is subject to change. IIT Madras BTech admission is based on the JEE Main, followed by the JEE Advanced score. The centralised counselling process is managed and regulated by the JoSAA , based on which candidates are allotted seats. The seat allotment is based on the institute cut-off and a candidate's preference for courses and colleges. The registration and choice filling of JoSAA 2024 generally begins in the third week of June in online mode. Given below is the BTech eligibility and selection criteria along with the admission details for the integrated BTech course: Course Name Eligibility Selection Criteria BTech Class 12 with a minimum of 75% aggregate in PCM JEE Main + JEE Advanced + JoSAA Counselling BTech + MTech (Dual degree) Class 12 with a minimum of 75% aggregate in PCM JEE Main + JEE Advanced + JoSAA Counselling IIT Madras BTech Fees 2025 IIT Madras BTech fees range between INR 5.3 lakh - INR 10 lakh depending upon the specialisation selected by candidates. In addition, according to the IIT Madras fee structure for BTech candidates have to pay a one-time fee of INR 7,050 to avail admission into the programme. Candidates can have a look at the table below to get an understanding of the eligibility criteria and return on investment of IIT Madras. Note: This information is sourced from official website/ sanctioning body and is subject to change. Read more","IIT Madras B.E. / B.Tech What’s new? Watch out this space for the latest information regarding BTech at IIT Madras : The JEE Main Session 2 result 2025 has been released for admission to BE/BTech courses . Candidates who appeared for the exam can log in and check or download their scorecards from the official website. The JEE Advanced 2025 registration window for the BTech course is now open, and the last date to register is May 2, 2025 . To confirm the registration process, candidates must pay their registration fee latest by May 5, 2025 . In addition, the JEE Advanced 2025 examination will be held on May 18, 2025 . Read more","Ranked#1under the category'Engineering'as per theNIRF Ranking 2024, IIT Madras is the premier college to pursue Engineering programmes, especially BTech.IIT Madras course admissionsare primarilyentrance-based.The institute offers various programmes at the undergraduate, postgraduate, and doctoral levels. These courses are offered in various areas of study such as Engineering, Management, Science, etc.IIT Madras admission criteriaare completely entrance-based forBTech, MTech, MSc and BSc courses.IIT Madrasadmission to most of the courses is done through national-level entrance exams including JEE Main/ JEE Advanced, IIT JAM and GATE, among others. Candidates seeking admission to IIT Madras courses must visit the official website of these entrance exams to apply online.
Check out the below infographic to learn more aboutIIT Madras BTech admission:
Indian Institute of Technology Madrasalso known asIITMoffers the programmes through regular and full-time modes. Students are offered over ten programmes spanning multiple specialisations. Candidates seeking admission to IIT Madras can check out the most updated information related to theIIT Madras admissionsin the following highlights section:
Particulars
IIT Madras Admission Highlights
Mode of study
Regular/ Full-Time
Programmes Offered
12+ courses across multiple specialisations
How to apply?
jeemain.nta.nic.in
Level of programmes offered
Undergraduate, Postgraduate, Certificate & Doctoral-level courses
Popular programmes
BTech | MTech | PhD | MSc
Download Brochure
download
At the undergraduate level, IIT Madras offers BTech, BS & MS Dual Degree,BTech & MTech Dual Degree and BSc courses. It offers MTech, MSc and Integrated MA courses at the postgraduate level.IIT Madras entrance examfor admission to UG and PG courses includes JEE Main/ JEE Advanced, GATE, IIT JAM etc.IIT Madras admissionto the flagship BTech course is done based on JEE advanced scores. Given below is the list ofIIT Madras courseseligibility and selection criteria:
Class 12 or equivalent
Class 12 with a minimum aggregate of 60%
BE/ BTech with a minimum aggregate of 60%
Graduation in a relevant field
Class 12 or equivalent
Graduation with a minimum aggregate of 60%
Graduation in a relevant field
IIT Madras feesfor all UG & PG courses include components such as tuition fees, hostel fees and one-time fee payments. The lowest tuition fee for IIT Madras courses is INR 10,000, whereas the highest fees goes up to INR 17 lakh. On the other hand, the average package offered ranges between INR 9.6 LPA and INR 19 LPA. Candidates can check the following table for a detailed IIT Madras fee breakdown and average package for all the popular courses:
Disclaimer:This information is sourced from the official website/ sanctioning body and is subject to change.
IIT Madras fee pdf
Check out the below infographic to know if IIT Madars is worth it:
IIT Madras coursesare offered with multiple specialisation options such asAerospace Engineering,Computer Science Engineering,Mechanical Engineering, etc. Candidates need to participate in counselling conducted by the relevant body to get a seat into most of the programmes. Aspirants can check out the total seat intake for popular IIT Madras courses in the table below:
IIT Madras admission processincludes the application process, selection round, cutoff, merit list and counselling. Students must meet the eligibility and selection criteria prior to applying for the desired course. The process mainly commences online. The step-wise admission process for IIT Madras UG & PG courses is given below:
Step 1: IIT Madras Application Process
Candidates seeking admission at IIT Madras are required to complete the application form for the course-specific entrance exam. For example, for BTech, candidates are required to apply for JEE Main followed by JEE Advanced application. Similarly, for the MSc, IIT JAM application form is required to be completed. However, for MTech admission, candidates have to register for GATE first. The qualifying candidates have further applied for COAP and then applied on the official website of IIT Madras to proceed to confirm their admission.
Step 2: Selection Rounds
IIT Madras admits students to BTech courses based on JEE Main and JEE Advanced candidate's scores. Candidates are allotted seats in JoSAA Counselling for BTech, BTech-MTech (Dual Degree) and BS courses. Admission to MTech is through GATE followed by COAP Counselling. The institute considers IIT JAM and CCMN Counselling for MSc courses. Candidates can check with the admission office for the selection rounds of the rest of the courses.
Step 3: Release of Cutoff list, Counselling & Admission Confirmation
The cutoff for BTech, MTech and MSc courses is released by the respective counselling bodies. For merit-based courses, IIT Madras will release the course-wise merit list on its official website. As per theIIT Madras cut-off, candidates are called for counselling for seat allotment. Shortlisted candidates and then required to pay the admission fee to confirm their seats.
Check out the video below for information regarding theIIT Madras Data Science degree course without JEE:
Yes, there are many other courses for which the selection criteria are different and the prescribed entrance exam is also other than JEE-Main and JEE-Advanced. Below are some of the courses offered at IIT Madras along with their eligibility criteria and entrance exam:
To seek admission to the BTech programme offered at IIT Madras, candidates need to visit the official website of the National Testing Agency (NTA) and fill out the application form in online mode for JEE Main. For other courses such as MSc, MTech, BS-MS (Dual Degree) etc., candidates must visit the official website of respective national-level entrance exam conducting bodies and fill out the application form in online mode. IIT Madras admission to most of the courses is entrance-based. For detailed information around IIT Madras course admission,click here.
Qualifying marks for JEE Mains 2025, also called qualifying percentile for JEE Mains will be announced by the NTA along with the session 2 result. Candidates must note that qualifying percentile for JEE Mains 2025 is the minimum percentile required to appear in JEE Advanced 2025. For admission to NIT or IIITs, there is no provision of qualifying marks in JEE Mains 2025 and admission is given based on All India Rank in JEE Mains exam. NTA will announce JEE Mains 2025 All India rank in April after session 2 exam results.
The IIT MadrasBTechprogramme is a full-time, regular programme with a duration of 4 years. Students can pursue the programme across multiple specialisations, such asComputer Science & Engineering, Mechanical Engineering, Civil Engineering,Aerospace Engineering, and more.BTech admission at IIT Madrasis entirelyentrance-based. Aspirants require a validJEE MainandJEE Advanced score.Once the exam results are out, students must participate inJoSAA counselling for seat allotment. The minimum eligibility is to pass Class 12 in the Science stream with a minimum aggregate of 75% from a recognised board.
Compare IIT Madras with other IITs in the below infographic:
*In the absence of official data, this information is aggregated from student's verified reviews from Shiksha.
Note: This information is sourced from the official website/ sanctioning body and is subject to change.
Here is more information about the eligibility requirements, selection criteria, and fees forIIT Madras BTech admission in 2025:
As per the official website, the IIT Madras BTech fee is INR 8 lakh, which is calculated based on the first year/ semester fee. This information is sourced from the official website/ sanctioning body and is subject to change.Apart from the course fee, candidates seeking admission to the IIT Madras BTech course are also required to pay the application fee to appear for the JEE Main 2025 entrance exam. Students applying for JEE, need to pay an amount of INR 1,000 (for boys) and INR 800 (for girls). For more fee details, candidates are advised to contact the admission department of the institute.
No, IIT Madras BTech admission is only based on candidates' performance in JEE Maine exam, followed by the counselling round. JEE Main is also an eligibility test for JEE Advanced, which is conducted for admission to IITs. Candidates who have qualified for JEE Main are only eligible to appear for JEE Advanced entrance test for admission to IIT Madras BTech courses. To seek admission to the BTech programme offered at IIT Madras, candidates need to visit the official website of the National Testing Agency (NTA) and fill out the application form in online mode for JEE Main.
The eligibility criteria for the BTech course at Indian Institute of Technology Madras (IIT Madras) is that candidates should have passed Class 12 with a minimum of 75% aggregate. Aso, candidates need to clear the national-level entrance exams which include JEE Main, and JEE Advanced. Further, the duration of the course is areound four years. Eligible candidates can apply by visiting the official website of these national level entrance exams.
Hello aspirant!
IIT Madras BTech cutoff 2024got released across multiple specialisations. Based on the Round 1 seat allotment, to get into IIT Madras, students must score between159and,9912for the General AII India category. In addition to that, For getting into BTech Mechanical Engineering, you must have a rank upto 2302. Also, Mechanical Engineering is one of the most competitive BTech specialisations at IIT Madras. So, considering the round 1 cutoff, if you are seeking admission toIndian Institute of Technology Madras,you must secure a maximum rank upto 9912.
A detailed course-wise IIT Madras JEE Advanced cutoff 2024 is given below for the General category students under the AII India Quota.
A two-year MTech course is offered across 26 specialisations at IIT Madras. A valid GATE score is required to secure a seat in MTech course at IIT Madras. The total seat intake for MTech course is 717. Later on, the seats are offered via the COAP Counselling process. More details aroundIIT Madras MTech admission 2025are as follows:
MTech admission at IIT Madras is primarily based on GATE scores, followed by COAP counselling. However, as per the basic eligibility criteria mentioned on the official website of IIT Madras, getting admission at the institute without qualifying for the GATE entrance exam is possible.
For this, candidates must have a BTech degree from one of the IITs, with a minimumCGPA of 8.0(on a scale of 10). Such candidates can directly apply for MTech admission through the official IIT Madras website. These applications are then reviewed by the respective departments before taking the final admission decision.
Candidates seeking for admission to M.Tech at IIT Madras, candidates must pass graduation with minimum 60% aggregate as the minimum eligibility criteria for General category candidtaes.
In addition to this, candidates must also qualify GATE exam with a valid score. The cutoff may fluctuate every year, as it depends upon multiple factors. As per witnessing the last three years' closing cutoff for M.Tech course at IIT Madras, the highest closing ranks have been between 500 to 800 made for all top specialisations.
Predict your chances of getting a seat to M.Tech course at IIT Madras.
IIT Madras admissions for BTech are entirely entrance-based. To secure a seat at top BTech specialisations at IIT Madras, candidates must qualify forJEE Main, followed byJEE Advancedwith a good rank. Candidates who passed Class 12 with a minimum of 75% aggregate are eligible to sit for the respective entrance exam. Candidates will be selected based on their past academic records and scores obtained in the respective entrance exams. Furthermore, the selected candidates will be allocated seats through theJoSAA Counselling process.
At the PG level, IIT Madras offers admission to a two-year MSc course. Candidates who passed graduation in BSc are eligible to apply for the course. Further, a valid IIT JAM score is also required to get admission toIIT Madras MSc admission 2025.
Yes, you can do anMSc at IIT Madras.The institute offers a two-year postgraduate degree for this course. Students can pursue the course in the field of Physics, Chemistry, and Mathematics. Those looking to enrol in IIT Madras MSc need to clear JAM exam. Additionally, to be eligible forMSc admission at IIT Madras, students must have passed an UG degree or should be currently studying in the final year of the UG programme. Proof of having passed the undergraduate degree must be submitted at the time of admission. Interested candidates can visit the official website of IITM to know more about the course.
The eligibility criteria for MSc course at IIndian Institute of Technology Madras (IIT Madras) is that candidate should have passed Class 12 with a minimum of 75% aggregate. Moreover, candidates should have passed graduation with a minimum of 50% aggregate. The IIT Madras MSc admissions is based on entrance exam. The entrance exams accepted include JEE Main, JEE Advanced, and IIT JAM. Additionally, the duration of the course range between two to five years. Candidates can visit the official website to apply.
TheIIT Madras MBA admissionsare entirely based on a validCATscore. The total tuition fee forMBAis INR 1.3 lakh. Candidates are selected based on a Reflective Writing and Personal Interview, Composite (CAT score, Past academic performance, Work experience, Academic & Gender Diversity and Other Achievements). More details aroundIIT Madras MBA admissions 2025are as follows:
IIT Madras MBA fee ranges betweenINR 1.3 lakhandINR 1.7 lakh. The fee structure may vary for bothDay Scholars and Hostellers. The regular day scholars have to particularly pay forTuition Fees, Establishment Chargesandfor Extra-curricular activities. Additionally, hosteller candidates have to pay forHostel Admission FeesandAdvanced Dining Charges, also. However, this information is sourced from official website/ sanctioning body and is subject to change.Candidates are advised to contact the admission department of the University for a detailed IIT Madras MBA fees structure.
IIT Madras MBA admission is based on candidates' performance in CAT, conducted by IIMs. Students seeking admission can apply online by visiting the official website of CAT. The final admission is granted on the basis of CAT score, past academic record, work experience, performance in PI round, academic diversity, gender diversity and other achievements (if any). Apart from all these, candidates also need to fulfil the minimum eligibility requirement. Check here theCAT exam patternand detailedsyllabusto ace the exam.
Yes, IIT Madras can be one of the prime choice for MBA aspirants. The institute recorded a100% placement ratefor its MBA batch passing out in 2024. Thehighestandaverage packageoffered during IIT Madras MBA placements in 2024 stood atINR 29.65andINR 16.93 LPA,respectively. Further, themedian packageoffered to during IIT Madras MBA placements in 2024 stood atINR 20.40 LPA.
Talking about theIndian Institute of Technology Madras rankings, the institute has beenranked 15by the National Institutional  Ranking Framework (NIRF) 2023 for its Management category courses. In the year 2022, IIT Madras was ranked 10 in the Management category by the NIRF. Find here about the othertop ranking IITs in India.

ADMISSION HIGHLIGHTS:
Particulars | IIT Madras Admission Highlights
Mode of study | Regular/ Full-Time
Programmes Offered | 12+ courses across multiple specialisations
How to apply? | jeemain.nta.nic.in
Level of programmes offered | Undergraduate, Postgraduate, Certificate & Doctoral-level courses
Popular programmes | BTech | MTech | PhD | MSc
Download Brochure | download"
1,IIT Madras - Indian Institute of Technology,Salary : ₹ 19.00 Lakh,Not RankedIndia Today ' 23Not RankedTimes ' 24Not RankedOutlook ' 24,https://www.shiksha.com/college/iit-madras-indian-institute-of-technology-adyar-chennai-3031/courses,BS,https://www.shiksha.com/college/iit-madras-indian-institute-of-technology-adyar-chennai-3031/courses/bsc-bc,Eligibility Criteria Accepted Exam JEE Advanced IISER Entrance Exam JEE Main + 2 more 10+2 score 75%,"BSc at IIT Madras is a four-year, full-time programme offered at the undergraduate level. Some of the specialisations offered are BSc in Medical Sciences and Engineering , BSc in Biological Science, BSc in Electronic Systems , etc. Apart from the full-time BSc programme, IIT Madras also offers the five-year, integrated BSc + MSc programme. IIT Madras BSc admission is entirely entrance-based for the academic year 2024 as the institute accepts the rank and scores obtained by candidates in the JEE Main and accepts the scores of the IISER Aptitude Test for admission to the dual degree BS plus MS programme. Candidates seeking admission to the BS programme are required to meet the minimum eligibility criteria as mentioned below: Eligibility Criteria: Class 12 or equivalent examination with a minimum of 75% aggregate. Selection Criteria : JEE Main and IISER Aptitude Test (for dual degree BS plus MS programme) IIT Madras BSc Fees 2025 IIT Madras fees for BSc include components, such as tuition fees, hostel fees and one-time fees. There are separate mess charges that students have to pay. Given below is the IIT Madras BSc fees breakdown : Course Name One-Time Fees Tuition Fees Hostel and Mess Fees BS INR 7,050 INR 1.2 lakh - INR 10 lakh Hostel: INR 1.74 lakh Mess: INR 1.37 lakh BS plus MS INR 7,050 INR 10 lakh Hostel: INR 2.15 lakh Mess: INR 1.72 lakh Note: This information is sourced from official website/ sanctioning body and is subject to change. Candidates who wish to know more about the other programmes offered at IIT Madras can click here . For more information about IIT Madras - Indian Institute of Technology check out the below video: Read more","IIT Madras B.Sc. What’s new? Given-below some updates about BSc at IIT Madras : The IISER Aptitude Test 2025 application window is open for the 4-year BS and 5-year Integrated BS-MS courses , and the last date to apply is Apr 15, 2025. Further, the IISER Aptitude Test 2025 will be conducted on May 25, 2025 .","Ranked#1under the category'Engineering'as per theNIRF Ranking 2024, IIT Madras is the premier college to pursue Engineering programmes, especially BTech.IIT Madras course admissionsare primarilyentrance-based.The institute offers various programmes at the undergraduate, postgraduate, and doctoral levels. These courses are offered in various areas of study such as Engineering, Management, Science, etc.IIT Madras admission criteriaare completely entrance-based forBTech, MTech, MSc and BSc courses.IIT Madrasadmission to most of the courses is done through national-level entrance exams including JEE Main/ JEE Advanced, IIT JAM and GATE, among others. Candidates seeking admission to IIT Madras courses must visit the official website of these entrance exams to apply online.
Check out the below infographic to learn more aboutIIT Madras BTech admission:
Indian Institute of Technology Madrasalso known asIITMoffers the programmes through regular and full-time modes. Students are offered over ten programmes spanning multiple specialisations. Candidates seeking admission to IIT Madras can check out the most updated information related to theIIT Madras admissionsin the following highlights section:
Particulars
IIT Madras Admission Highlights
Mode of study
Regular/ Full-Time
Programmes Offered
12+ courses across multiple specialisations
How to apply?
jeemain.nta.nic.in
Level of programmes offered
Undergraduate, Postgraduate, Certificate & Doctoral-level courses
Popular programmes
BTech | MTech | PhD | MSc
Download Brochure
download
At the undergraduate level, IIT Madras offers BTech, BS & MS Dual Degree,BTech & MTech Dual Degree and BSc courses. It offers MTech, MSc and Integrated MA courses at the postgraduate level.IIT Madras entrance examfor admission to UG and PG courses includes JEE Main/ JEE Advanced, GATE, IIT JAM etc.IIT Madras admissionto the flagship BTech course is done based on JEE advanced scores. Given below is the list ofIIT Madras courseseligibility and selection criteria:
Class 12 or equivalent
Class 12 with a minimum aggregate of 60%
BE/ BTech with a minimum aggregate of 60%
Graduation in a relevant field
Class 12 or equivalent
Graduation with a minimum aggregate of 60%
Graduation in a relevant field
IIT Madras feesfor all UG & PG courses include components such as tuition fees, hostel fees and one-time fee payments. The lowest tuition fee for IIT Madras courses is INR 10,000, whereas the highest fees goes up to INR 17 lakh. On the other hand, the average package offered ranges between INR 9.6 LPA and INR 19 LPA. Candidates can check the following table for a detailed IIT Madras fee breakdown and average package for all the popular courses:
Disclaimer:This information is sourced from the official website/ sanctioning body and is subject to change.
IIT Madras fee pdf
Check out the below infographic to know if IIT Madars is worth it:
IIT Madras coursesare offered with multiple specialisation options such asAerospace Engineering,Computer Science Engineering,Mechanical Engineering, etc. Candidates need to participate in counselling conducted by the relevant body to get a seat into most of the programmes. Aspirants can check out the total seat intake for popular IIT Madras courses in the table below:
IIT Madras admission processincludes the application process, selection round, cutoff, merit list and counselling. Students must meet the eligibility and selection criteria prior to applying for the desired course. The process mainly commences online. The step-wise admission process for IIT Madras UG & PG courses is given below:
Step 1: IIT Madras Application Process
Candidates seeking admission at IIT Madras are required to complete the application form for the course-specific entrance exam. For example, for BTech, candidates are required to apply for JEE Main followed by JEE Advanced application. Similarly, for the MSc, IIT JAM application form is required to be completed. However, for MTech admission, candidates have to register for GATE first. The qualifying candidates have further applied for COAP and then applied on the official website of IIT Madras to proceed to confirm their admission.
Step 2: Selection Rounds
IIT Madras admits students to BTech courses based on JEE Main and JEE Advanced candidate's scores. Candidates are allotted seats in JoSAA Counselling for BTech, BTech-MTech (Dual Degree) and BS courses. Admission to MTech is through GATE followed by COAP Counselling. The institute considers IIT JAM and CCMN Counselling for MSc courses. Candidates can check with the admission office for the selection rounds of the rest of the courses.
Step 3: Release of Cutoff list, Counselling & Admission Confirmation
The cutoff for BTech, MTech and MSc courses is released by the respective counselling bodies. For merit-based courses, IIT Madras will release the course-wise merit list on its official website. As per theIIT Madras cut-off, candidates are called for counselling for seat allotment. Shortlisted candidates and then required to pay the admission fee to confirm their seats.
Check out the video below for information regarding theIIT Madras Data Science degree course without JEE:
Yes, there are many other courses for which the selection criteria are different and the prescribed entrance exam is also other than JEE-Main and JEE-Advanced. Below are some of the courses offered at IIT Madras along with their eligibility criteria and entrance exam:
To seek admission to the BTech programme offered at IIT Madras, candidates need to visit the official website of the National Testing Agency (NTA) and fill out the application form in online mode for JEE Main. For other courses such as MSc, MTech, BS-MS (Dual Degree) etc., candidates must visit the official website of respective national-level entrance exam conducting bodies and fill out the application form in online mode. IIT Madras admission to most of the courses is entrance-based. For detailed information around IIT Madras course admission,click here.
Qualifying marks for JEE Mains 2025, also called qualifying percentile for JEE Mains will be announced by the NTA along with the session 2 result. Candidates must note that qualifying percentile for JEE Mains 2025 is the minimum percentile required to appear in JEE Advanced 2025. For admission to NIT or IIITs, there is no provision of qualifying marks in JEE Mains 2025 and admission is given based on All India Rank in JEE Mains exam. NTA will announce JEE Mains 2025 All India rank in April after session 2 exam results.
The IIT MadrasBTechprogramme is a full-time, regular programme with a duration of 4 years. Students can pursue the programme across multiple specialisations, such asComputer Science & Engineering, Mechanical Engineering, Civil Engineering,Aerospace Engineering, and more.BTech admission at IIT Madrasis entirelyentrance-based. Aspirants require a validJEE MainandJEE Advanced score.Once the exam results are out, students must participate inJoSAA counselling for seat allotment. The minimum eligibility is to pass Class 12 in the Science stream with a minimum aggregate of 75% from a recognised board.
Compare IIT Madras with other IITs in the below infographic:
*In the absence of official data, this information is aggregated from student's verified reviews from Shiksha.
Note: This information is sourced from the official website/ sanctioning body and is subject to change.
Here is more information about the eligibility requirements, selection criteria, and fees forIIT Madras BTech admission in 2025:
As per the official website, the IIT Madras BTech fee is INR 8 lakh, which is calculated based on the first year/ semester fee. This information is sourced from the official website/ sanctioning body and is subject to change.Apart from the course fee, candidates seeking admission to the IIT Madras BTech course are also required to pay the application fee to appear for the JEE Main 2025 entrance exam. Students applying for JEE, need to pay an amount of INR 1,000 (for boys) and INR 800 (for girls). For more fee details, candidates are advised to contact the admission department of the institute.
No, IIT Madras BTech admission is only based on candidates' performance in JEE Maine exam, followed by the counselling round. JEE Main is also an eligibility test for JEE Advanced, which is conducted for admission to IITs. Candidates who have qualified for JEE Main are only eligible to appear for JEE Advanced entrance test for admission to IIT Madras BTech courses. To seek admission to the BTech programme offered at IIT Madras, candidates need to visit the official website of the National Testing Agency (NTA) and fill out the application form in online mode for JEE Main.
The eligibility criteria for the BTech course at Indian Institute of Technology Madras (IIT Madras) is that candidates should have passed Class 12 with a minimum of 75% aggregate. Aso, candidates need to clear the national-level entrance exams which include JEE Main, and JEE Advanced. Further, the duration of the course is areound four years. Eligible candidates can apply by visiting the official website of these national level entrance exams.
Hello aspirant!
IIT Madras BTech cutoff 2024got released across multiple specialisations. Based on the Round 1 seat allotment, to get into IIT Madras, students must score between159and,9912for the General AII India category. In addition to that, For getting into BTech Mechanical Engineering, you must have a rank upto 2302. Also, Mechanical Engineering is one of the most competitive BTech specialisations at IIT Madras. So, considering the round 1 cutoff, if you are seeking admission toIndian Institute of Technology Madras,you must secure a maximum rank upto 9912.
A detailed course-wise IIT Madras JEE Advanced cutoff 2024 is given below for the General category students under the AII India Quota.
A two-year MTech course is offered across 26 specialisations at IIT Madras. A valid GATE score is required to secure a seat in MTech course at IIT Madras. The total seat intake for MTech course is 717. Later on, the seats are offered via the COAP Counselling process. More details aroundIIT Madras MTech admission 2025are as follows:
MTech admission at IIT Madras is primarily based on GATE scores, followed by COAP counselling. However, as per the basic eligibility criteria mentioned on the official website of IIT Madras, getting admission at the institute without qualifying for the GATE entrance exam is possible.
For this, candidates must have a BTech degree from one of the IITs, with a minimumCGPA of 8.0(on a scale of 10). Such candidates can directly apply for MTech admission through the official IIT Madras website. These applications are then reviewed by the respective departments before taking the final admission decision.
Candidates seeking for admission to M.Tech at IIT Madras, candidates must pass graduation with minimum 60% aggregate as the minimum eligibility criteria for General category candidtaes.
In addition to this, candidates must also qualify GATE exam with a valid score. The cutoff may fluctuate every year, as it depends upon multiple factors. As per witnessing the last three years' closing cutoff for M.Tech course at IIT Madras, the highest closing ranks have been between 500 to 800 made for all top specialisations.
Predict your chances of getting a seat to M.Tech course at IIT Madras.
IIT Madras admissions for BTech are entirely entrance-based. To secure a seat at top BTech specialisations at IIT Madras, candidates must qualify forJEE Main, followed byJEE Advancedwith a good rank. Candidates who passed Class 12 with a minimum of 75% aggregate are eligible to sit for the respective entrance exam. Candidates will be selected based on their past academic records and scores obtained in the respective entrance exams. Furthermore, the selected candidates will be allocated seats through theJoSAA Counselling process.
At the PG level, IIT Madras offers admission to a two-year MSc course. Candidates who passed graduation in BSc are eligible to apply for the course. Further, a valid IIT JAM score is also required to get admission toIIT Madras MSc admission 2025.
Yes, you can do anMSc at IIT Madras.The institute offers a two-year postgraduate degree for this course. Students can pursue the course in the field of Physics, Chemistry, and Mathematics. Those looking to enrol in IIT Madras MSc need to clear JAM exam. Additionally, to be eligible forMSc admission at IIT Madras, students must have passed an UG degree or should be currently studying in the final year of the UG programme. Proof of having passed the undergraduate degree must be submitted at the time of admission. Interested candidates can visit the official website of IITM to know more about the course.
The eligibility criteria for MSc course at IIndian Institute of Technology Madras (IIT Madras) is that candidate should have passed Class 12 with a minimum of 75% aggregate. Moreover, candidates should have passed graduation with a minimum of 50% aggregate. The IIT Madras MSc admissions is based on entrance exam. The entrance exams accepted include JEE Main, JEE Advanced, and IIT JAM. Additionally, the duration of the course range between two to five years. Candidates can visit the official website to apply.
TheIIT Madras MBA admissionsare entirely based on a validCATscore. The total tuition fee forMBAis INR 1.3 lakh. Candidates are selected based on a Reflective Writing and Personal Interview, Composite (CAT score, Past academic performance, Work experience, Academic & Gender Diversity and Other Achievements). More details aroundIIT Madras MBA admissions 2025are as follows:
IIT Madras MBA fee ranges betweenINR 1.3 lakhandINR 1.7 lakh. The fee structure may vary for bothDay Scholars and Hostellers. The regular day scholars have to particularly pay forTuition Fees, Establishment Chargesandfor Extra-curricular activities. Additionally, hosteller candidates have to pay forHostel Admission FeesandAdvanced Dining Charges, also. However, this information is sourced from official website/ sanctioning body and is subject to change.Candidates are advised to contact the admission department of the University for a detailed IIT Madras MBA fees structure.
IIT Madras MBA admission is based on candidates' performance in CAT, conducted by IIMs. Students seeking admission can apply online by visiting the official website of CAT. The final admission is granted on the basis of CAT score, past academic record, work experience, performance in PI round, academic diversity, gender diversity and other achievements (if any). Apart from all these, candidates also need to fulfil the minimum eligibility requirement. Check here theCAT exam patternand detailedsyllabusto ace the exam.
Yes, IIT Madras can be one of the prime choice for MBA aspirants. The institute recorded a100% placement ratefor its MBA batch passing out in 2024. Thehighestandaverage packageoffered during IIT Madras MBA placements in 2024 stood atINR 29.65andINR 16.93 LPA,respectively. Further, themedian packageoffered to during IIT Madras MBA placements in 2024 stood atINR 20.40 LPA.
Talking about theIndian Institute of Technology Madras rankings, the institute has beenranked 15by the National Institutional  Ranking Framework (NIRF) 2023 for its Management category courses. In the year 2022, IIT Madras was ranked 10 in the Management category by the NIRF. Find here about the othertop ranking IITs in India.

ADMISSION HIGHLIGHTS:
Particulars | IIT Madras Admission Highlights
Mode of study | Regular/ Full-Time
Programmes Offered | 12+ courses across multiple specialisations
How to apply? | jeemain.nta.nic.in
Level of programmes offered | Undergraduate, Postgraduate, Certificate & Doctoral-level courses
Popular programmes | BTech | MTech | PhD | MSc
Download Brochure | download"
1,IIT Madras - Indian Institute of Technology,Salary : ₹ 19.00 Lakh,Not RankedIndia Today ' 23Not RankedTimes ' 24Not RankedOutlook ' 24,https://www.shiksha.com/college/iit-madras-indian-institute-of-technology-adyar-chennai-3031/courses,MTech,https://www.shiksha.com/college/iit-madras-indian-institute-of-technology-adyar-chennai-3031/courses/me-mtech-bc,Eligibility Criteria Accepted Exam GATE COAP JEE Main JEE Advanced + 3 more 10+2 score 75%,"IIT Madras offers an MTech course at the postgraduate level in a full-time mode. The duration of this programme is two years. The institute offers 26 MTech specialisations along with three interdisciplinary specialisations for BE/ BTech graduates across 13 departments. Some of these specialisations include, MTech in Computer Science and Engineering , MTech in Biomedical Engineering, MTech in Aerospace Engineering , etc. IIT Madras MTech admission 2025 is based on a valid GATE score obtained by eligible candidates. The seat allotment process is then carried out through COAP Counselling. Based on the GATE score, the merit list is prepared by the board and then seats are offered based on the availability of seats at the institute. On acceptance of the seats through the COAP portal, candidates can reserve their seats by paying admission fees to the institute. Given below is the IIT Madras MTech eligibility criteria : Eligibility: BE/ BTech first-class degree with a minimum aggregate of 60%. IIT Madras MTech Fees 2025 IIT Madras fees for MTech courses include components such as tuition fees, hostel fees and, one-time fee payments. There are separate hostel and mess charges that students have to pay. Candidates can check the following table for detailed IIT Madras MTech fees: One-Time Fees Tuition Fees Hostel & Mess Fees INR 7,250 INR 20,000 Hostel: INR 88,800 Mess: INR 68,800 Note: This information is sourced from official website/ sanctioning body and is subject to change. Candidates can also read more about IIT Madras courses Read more","IIT Madras M.E./M.Tech What’s new? MTech July 2025 applications are open, and the last date to apply is extended to May 2, 2025. The GATE COAP 2025 registration is open for the ME/MTech courses , and the deadline is May 15, 2025 . Further, the GATE COAP 2025 round 1 window to view offers and take a decision will be opened on May 17, 2025 (10 AM).","Ranked#1under the category'Engineering'as per theNIRF Ranking 2024, IIT Madras is the premier college to pursue Engineering programmes, especially BTech.IIT Madras course admissionsare primarilyentrance-based.The institute offers various programmes at the undergraduate, postgraduate, and doctoral levels. These courses are offered in various areas of study such as Engineering, Management, Science, etc.IIT Madras admission criteriaare completely entrance-based forBTech, MTech, MSc and BSc courses.IIT Madrasadmission to most of the courses is done through national-level entrance exams including JEE Main/ JEE Advanced, IIT JAM and GATE, among others. Candidates seeking admission to IIT Madras courses must visit the official website of these entrance exams to apply online.
Check out the below infographic to learn more aboutIIT Madras BTech admission:
Indian Institute of Technology Madrasalso known asIITMoffers the programmes through regular and full-time modes. Students are offered over ten programmes spanning multiple specialisations. Candidates seeking admission to IIT Madras can check out the most updated information related to theIIT Madras admissionsin the following highlights section:
Particulars
IIT Madras Admission Highlights
Mode of study
Regular/ Full-Time
Programmes Offered
12+ courses across multiple specialisations
How to apply?
jeemain.nta.nic.in
Level of programmes offered
Undergraduate, Postgraduate, Certificate & Doctoral-level courses
Popular programmes
BTech | MTech | PhD | MSc
Download Brochure
download
At the undergraduate level, IIT Madras offers BTech, BS & MS Dual Degree,BTech & MTech Dual Degree and BSc courses. It offers MTech, MSc and Integrated MA courses at the postgraduate level.IIT Madras entrance examfor admission to UG and PG courses includes JEE Main/ JEE Advanced, GATE, IIT JAM etc.IIT Madras admissionto the flagship BTech course is done based on JEE advanced scores. Given below is the list ofIIT Madras courseseligibility and selection criteria:
Class 12 or equivalent
Class 12 with a minimum aggregate of 60%
BE/ BTech with a minimum aggregate of 60%
Graduation in a relevant field
Class 12 or equivalent
Graduation with a minimum aggregate of 60%
Graduation in a relevant field
IIT Madras feesfor all UG & PG courses include components such as tuition fees, hostel fees and one-time fee payments. The lowest tuition fee for IIT Madras courses is INR 10,000, whereas the highest fees goes up to INR 17 lakh. On the other hand, the average package offered ranges between INR 9.6 LPA and INR 19 LPA. Candidates can check the following table for a detailed IIT Madras fee breakdown and average package for all the popular courses:
Disclaimer:This information is sourced from the official website/ sanctioning body and is subject to change.
IIT Madras fee pdf
Check out the below infographic to know if IIT Madars is worth it:
IIT Madras coursesare offered with multiple specialisation options such asAerospace Engineering,Computer Science Engineering,Mechanical Engineering, etc. Candidates need to participate in counselling conducted by the relevant body to get a seat into most of the programmes. Aspirants can check out the total seat intake for popular IIT Madras courses in the table below:
IIT Madras admission processincludes the application process, selection round, cutoff, merit list and counselling. Students must meet the eligibility and selection criteria prior to applying for the desired course. The process mainly commences online. The step-wise admission process for IIT Madras UG & PG courses is given below:
Step 1: IIT Madras Application Process
Candidates seeking admission at IIT Madras are required to complete the application form for the course-specific entrance exam. For example, for BTech, candidates are required to apply for JEE Main followed by JEE Advanced application. Similarly, for the MSc, IIT JAM application form is required to be completed. However, for MTech admission, candidates have to register for GATE first. The qualifying candidates have further applied for COAP and then applied on the official website of IIT Madras to proceed to confirm their admission.
Step 2: Selection Rounds
IIT Madras admits students to BTech courses based on JEE Main and JEE Advanced candidate's scores. Candidates are allotted seats in JoSAA Counselling for BTech, BTech-MTech (Dual Degree) and BS courses. Admission to MTech is through GATE followed by COAP Counselling. The institute considers IIT JAM and CCMN Counselling for MSc courses. Candidates can check with the admission office for the selection rounds of the rest of the courses.
Step 3: Release of Cutoff list, Counselling & Admission Confirmation
The cutoff for BTech, MTech and MSc courses is released by the respective counselling bodies. For merit-based courses, IIT Madras will release the course-wise merit list on its official website. As per theIIT Madras cut-off, candidates are called for counselling for seat allotment. Shortlisted candidates and then required to pay the admission fee to confirm their seats.
Check out the video below for information regarding theIIT Madras Data Science degree course without JEE:
Yes, there are many other courses for which the selection criteria are different and the prescribed entrance exam is also other than JEE-Main and JEE-Advanced. Below are some of the courses offered at IIT Madras along with their eligibility criteria and entrance exam:
To seek admission to the BTech programme offered at IIT Madras, candidates need to visit the official website of the National Testing Agency (NTA) and fill out the application form in online mode for JEE Main. For other courses such as MSc, MTech, BS-MS (Dual Degree) etc., candidates must visit the official website of respective national-level entrance exam conducting bodies and fill out the application form in online mode. IIT Madras admission to most of the courses is entrance-based. For detailed information around IIT Madras course admission,click here.
Qualifying marks for JEE Mains 2025, also called qualifying percentile for JEE Mains will be announced by the NTA along with the session 2 result. Candidates must note that qualifying percentile for JEE Mains 2025 is the minimum percentile required to appear in JEE Advanced 2025. For admission to NIT or IIITs, there is no provision of qualifying marks in JEE Mains 2025 and admission is given based on All India Rank in JEE Mains exam. NTA will announce JEE Mains 2025 All India rank in April after session 2 exam results.
The IIT MadrasBTechprogramme is a full-time, regular programme with a duration of 4 years. Students can pursue the programme across multiple specialisations, such asComputer Science & Engineering, Mechanical Engineering, Civil Engineering,Aerospace Engineering, and more.BTech admission at IIT Madrasis entirelyentrance-based. Aspirants require a validJEE MainandJEE Advanced score.Once the exam results are out, students must participate inJoSAA counselling for seat allotment. The minimum eligibility is to pass Class 12 in the Science stream with a minimum aggregate of 75% from a recognised board.
Compare IIT Madras with other IITs in the below infographic:
*In the absence of official data, this information is aggregated from student's verified reviews from Shiksha.
Note: This information is sourced from the official website/ sanctioning body and is subject to change.
Here is more information about the eligibility requirements, selection criteria, and fees forIIT Madras BTech admission in 2025:
As per the official website, the IIT Madras BTech fee is INR 8 lakh, which is calculated based on the first year/ semester fee. This information is sourced from the official website/ sanctioning body and is subject to change.Apart from the course fee, candidates seeking admission to the IIT Madras BTech course are also required to pay the application fee to appear for the JEE Main 2025 entrance exam. Students applying for JEE, need to pay an amount of INR 1,000 (for boys) and INR 800 (for girls). For more fee details, candidates are advised to contact the admission department of the institute.
No, IIT Madras BTech admission is only based on candidates' performance in JEE Maine exam, followed by the counselling round. JEE Main is also an eligibility test for JEE Advanced, which is conducted for admission to IITs. Candidates who have qualified for JEE Main are only eligible to appear for JEE Advanced entrance test for admission to IIT Madras BTech courses. To seek admission to the BTech programme offered at IIT Madras, candidates need to visit the official website of the National Testing Agency (NTA) and fill out the application form in online mode for JEE Main.
The eligibility criteria for the BTech course at Indian Institute of Technology Madras (IIT Madras) is that candidates should have passed Class 12 with a minimum of 75% aggregate. Aso, candidates need to clear the national-level entrance exams which include JEE Main, and JEE Advanced. Further, the duration of the course is areound four years. Eligible candidates can apply by visiting the official website of these national level entrance exams.
Hello aspirant!
IIT Madras BTech cutoff 2024got released across multiple specialisations. Based on the Round 1 seat allotment, to get into IIT Madras, students must score between159and,9912for the General AII India category. In addition to that, For getting into BTech Mechanical Engineering, you must have a rank upto 2302. Also, Mechanical Engineering is one of the most competitive BTech specialisations at IIT Madras. So, considering the round 1 cutoff, if you are seeking admission toIndian Institute of Technology Madras,you must secure a maximum rank upto 9912.
A detailed course-wise IIT Madras JEE Advanced cutoff 2024 is given below for the General category students under the AII India Quota.
A two-year MTech course is offered across 26 specialisations at IIT Madras. A valid GATE score is required to secure a seat in MTech course at IIT Madras. The total seat intake for MTech course is 717. Later on, the seats are offered via the COAP Counselling process. More details aroundIIT Madras MTech admission 2025are as follows:
MTech admission at IIT Madras is primarily based on GATE scores, followed by COAP counselling. However, as per the basic eligibility criteria mentioned on the official website of IIT Madras, getting admission at the institute without qualifying for the GATE entrance exam is possible.
For this, candidates must have a BTech degree from one of the IITs, with a minimumCGPA of 8.0(on a scale of 10). Such candidates can directly apply for MTech admission through the official IIT Madras website. These applications are then reviewed by the respective departments before taking the final admission decision.
Candidates seeking for admission to M.Tech at IIT Madras, candidates must pass graduation with minimum 60% aggregate as the minimum eligibility criteria for General category candidtaes.
In addition to this, candidates must also qualify GATE exam with a valid score. The cutoff may fluctuate every year, as it depends upon multiple factors. As per witnessing the last three years' closing cutoff for M.Tech course at IIT Madras, the highest closing ranks have been between 500 to 800 made for all top specialisations.
Predict your chances of getting a seat to M.Tech course at IIT Madras.
IIT Madras admissions for BTech are entirely entrance-based. To secure a seat at top BTech specialisations at IIT Madras, candidates must qualify forJEE Main, followed byJEE Advancedwith a good rank. Candidates who passed Class 12 with a minimum of 75% aggregate are eligible to sit for the respective entrance exam. Candidates will be selected based on their past academic records and scores obtained in the respective entrance exams. Furthermore, the selected candidates will be allocated seats through theJoSAA Counselling process.
At the PG level, IIT Madras offers admission to a two-year MSc course. Candidates who passed graduation in BSc are eligible to apply for the course. Further, a valid IIT JAM score is also required to get admission toIIT Madras MSc admission 2025.
Yes, you can do anMSc at IIT Madras.The institute offers a two-year postgraduate degree for this course. Students can pursue the course in the field of Physics, Chemistry, and Mathematics. Those looking to enrol in IIT Madras MSc need to clear JAM exam. Additionally, to be eligible forMSc admission at IIT Madras, students must have passed an UG degree or should be currently studying in the final year of the UG programme. Proof of having passed the undergraduate degree must be submitted at the time of admission. Interested candidates can visit the official website of IITM to know more about the course.
The eligibility criteria for MSc course at IIndian Institute of Technology Madras (IIT Madras) is that candidate should have passed Class 12 with a minimum of 75% aggregate. Moreover, candidates should have passed graduation with a minimum of 50% aggregate. The IIT Madras MSc admissions is based on entrance exam. The entrance exams accepted include JEE Main, JEE Advanced, and IIT JAM. Additionally, the duration of the course range between two to five years. Candidates can visit the official website to apply.
TheIIT Madras MBA admissionsare entirely based on a validCATscore. The total tuition fee forMBAis INR 1.3 lakh. Candidates are selected based on a Reflective Writing and Personal Interview, Composite (CAT score, Past academic performance, Work experience, Academic & Gender Diversity and Other Achievements). More details aroundIIT Madras MBA admissions 2025are as follows:
IIT Madras MBA fee ranges betweenINR 1.3 lakhandINR 1.7 lakh. The fee structure may vary for bothDay Scholars and Hostellers. The regular day scholars have to particularly pay forTuition Fees, Establishment Chargesandfor Extra-curricular activities. Additionally, hosteller candidates have to pay forHostel Admission FeesandAdvanced Dining Charges, also. However, this information is sourced from official website/ sanctioning body and is subject to change.Candidates are advised to contact the admission department of the University for a detailed IIT Madras MBA fees structure.
IIT Madras MBA admission is based on candidates' performance in CAT, conducted by IIMs. Students seeking admission can apply online by visiting the official website of CAT. The final admission is granted on the basis of CAT score, past academic record, work experience, performance in PI round, academic diversity, gender diversity and other achievements (if any). Apart from all these, candidates also need to fulfil the minimum eligibility requirement. Check here theCAT exam patternand detailedsyllabusto ace the exam.
Yes, IIT Madras can be one of the prime choice for MBA aspirants. The institute recorded a100% placement ratefor its MBA batch passing out in 2024. Thehighestandaverage packageoffered during IIT Madras MBA placements in 2024 stood atINR 29.65andINR 16.93 LPA,respectively. Further, themedian packageoffered to during IIT Madras MBA placements in 2024 stood atINR 20.40 LPA.
Talking about theIndian Institute of Technology Madras rankings, the institute has beenranked 15by the National Institutional  Ranking Framework (NIRF) 2023 for its Management category courses. In the year 2022, IIT Madras was ranked 10 in the Management category by the NIRF. Find here about the othertop ranking IITs in India.

ADMISSION HIGHLIGHTS:
Particulars | IIT Madras Admission Highlights
Mode of study | Regular/ Full-Time
Programmes Offered | 12+ courses across multiple specialisations
How to apply? | jeemain.nta.nic.in
Level of programmes offered | Undergraduate, Postgraduate, Certificate & Doctoral-level courses
Popular programmes | BTech | MTech | PhD | MSc
Download Brochure | download"
1,IIT Madras - Indian Institute of Technology,Salary : ₹ 19.00 Lakh,Not RankedIndia Today ' 23Not RankedTimes ' 24Not RankedOutlook ' 24,https://www.shiksha.com/college/iit-madras-indian-institute-of-technology-adyar-chennai-3031/courses,MS,https://www.shiksha.com/college/iit-madras-indian-institute-of-technology-adyar-chennai-3031/courses/ms-bc,Eligibility Criteria Accepted Exam GATE NEET PG + 1 more Graduation score 60%,"It is the third IIT be set up by the Government of India and is autonomous in nature. Located in Chennai, Tamil Nadu, the IIT Madras campus is home to India’s first university-based research park- IITMR. IIT Madras has been consistently ranked 1 by the NIRF Rankings in 2023 for the fourth time in a row. IIT Madras offers MS (Dual Degree),","IIT Madras MS What’s new? IIT Madras MS (By Research) applications are open for Jan 2026 session, and the last date to apply is Oct 31, 2025.","Ranked#1under the category'Engineering'as per theNIRF Ranking 2024, IIT Madras is the premier college to pursue Engineering programmes, especially BTech.IIT Madras course admissionsare primarilyentrance-based.The institute offers various programmes at the undergraduate, postgraduate, and doctoral levels. These courses are offered in various areas of study such as Engineering, Management, Science, etc.IIT Madras admission criteriaare completely entrance-based forBTech, MTech, MSc and BSc courses.IIT Madrasadmission to most of the courses is done through national-level entrance exams including JEE Main/ JEE Advanced, IIT JAM and GATE, among others. Candidates seeking admission to IIT Madras courses must visit the official website of these entrance exams to apply online.
Check out the below infographic to learn more aboutIIT Madras BTech admission:
Indian Institute of Technology Madrasalso known asIITMoffers the programmes through regular and full-time modes. Students are offered over ten programmes spanning multiple specialisations. Candidates seeking admission to IIT Madras can check out the most updated information related to theIIT Madras admissionsin the following highlights section:
Particulars
IIT Madras Admission Highlights
Mode of study
Regular/ Full-Time
Programmes Offered
12+ courses across multiple specialisations
How to apply?
jeemain.nta.nic.in
Level of programmes offered
Undergraduate, Postgraduate, Certificate & Doctoral-level courses
Popular programmes
BTech | MTech | PhD | MSc
Download Brochure
download
At the undergraduate level, IIT Madras offers BTech, BS & MS Dual Degree,BTech & MTech Dual Degree and BSc courses. It offers MTech, MSc and Integrated MA courses at the postgraduate level.IIT Madras entrance examfor admission to UG and PG courses includes JEE Main/ JEE Advanced, GATE, IIT JAM etc.IIT Madras admissionto the flagship BTech course is done based on JEE advanced scores. Given below is the list ofIIT Madras courseseligibility and selection criteria:
Class 12 or equivalent
Class 12 with a minimum aggregate of 60%
BE/ BTech with a minimum aggregate of 60%
Graduation in a relevant field
Class 12 or equivalent
Graduation with a minimum aggregate of 60%
Graduation in a relevant field
IIT Madras feesfor all UG & PG courses include components such as tuition fees, hostel fees and one-time fee payments. The lowest tuition fee for IIT Madras courses is INR 10,000, whereas the highest fees goes up to INR 17 lakh. On the other hand, the average package offered ranges between INR 9.6 LPA and INR 19 LPA. Candidates can check the following table for a detailed IIT Madras fee breakdown and average package for all the popular courses:
Disclaimer:This information is sourced from the official website/ sanctioning body and is subject to change.
IIT Madras fee pdf
Check out the below infographic to know if IIT Madars is worth it:
IIT Madras coursesare offered with multiple specialisation options such asAerospace Engineering,Computer Science Engineering,Mechanical Engineering, etc. Candidates need to participate in counselling conducted by the relevant body to get a seat into most of the programmes. Aspirants can check out the total seat intake for popular IIT Madras courses in the table below:
IIT Madras admission processincludes the application process, selection round, cutoff, merit list and counselling. Students must meet the eligibility and selection criteria prior to applying for the desired course. The process mainly commences online. The step-wise admission process for IIT Madras UG & PG courses is given below:
Step 1: IIT Madras Application Process
Candidates seeking admission at IIT Madras are required to complete the application form for the course-specific entrance exam. For example, for BTech, candidates are required to apply for JEE Main followed by JEE Advanced application. Similarly, for the MSc, IIT JAM application form is required to be completed. However, for MTech admission, candidates have to register for GATE first. The qualifying candidates have further applied for COAP and then applied on the official website of IIT Madras to proceed to confirm their admission.
Step 2: Selection Rounds
IIT Madras admits students to BTech courses based on JEE Main and JEE Advanced candidate's scores. Candidates are allotted seats in JoSAA Counselling for BTech, BTech-MTech (Dual Degree) and BS courses. Admission to MTech is through GATE followed by COAP Counselling. The institute considers IIT JAM and CCMN Counselling for MSc courses. Candidates can check with the admission office for the selection rounds of the rest of the courses.
Step 3: Release of Cutoff list, Counselling & Admission Confirmation
The cutoff for BTech, MTech and MSc courses is released by the respective counselling bodies. For merit-based courses, IIT Madras will release the course-wise merit list on its official website. As per theIIT Madras cut-off, candidates are called for counselling for seat allotment. Shortlisted candidates and then required to pay the admission fee to confirm their seats.
Check out the video below for information regarding theIIT Madras Data Science degree course without JEE:
Yes, there are many other courses for which the selection criteria are different and the prescribed entrance exam is also other than JEE-Main and JEE-Advanced. Below are some of the courses offered at IIT Madras along with their eligibility criteria and entrance exam:
To seek admission to the BTech programme offered at IIT Madras, candidates need to visit the official website of the National Testing Agency (NTA) and fill out the application form in online mode for JEE Main. For other courses such as MSc, MTech, BS-MS (Dual Degree) etc., candidates must visit the official website of respective national-level entrance exam conducting bodies and fill out the application form in online mode. IIT Madras admission to most of the courses is entrance-based. For detailed information around IIT Madras course admission,click here.
Qualifying marks for JEE Mains 2025, also called qualifying percentile for JEE Mains will be announced by the NTA along with the session 2 result. Candidates must note that qualifying percentile for JEE Mains 2025 is the minimum percentile required to appear in JEE Advanced 2025. For admission to NIT or IIITs, there is no provision of qualifying marks in JEE Mains 2025 and admission is given based on All India Rank in JEE Mains exam. NTA will announce JEE Mains 2025 All India rank in April after session 2 exam results.
The IIT MadrasBTechprogramme is a full-time, regular programme with a duration of 4 years. Students can pursue the programme across multiple specialisations, such asComputer Science & Engineering, Mechanical Engineering, Civil Engineering,Aerospace Engineering, and more.BTech admission at IIT Madrasis entirelyentrance-based. Aspirants require a validJEE MainandJEE Advanced score.Once the exam results are out, students must participate inJoSAA counselling for seat allotment. The minimum eligibility is to pass Class 12 in the Science stream with a minimum aggregate of 75% from a recognised board.
Compare IIT Madras with other IITs in the below infographic:
*In the absence of official data, this information is aggregated from student's verified reviews from Shiksha.
Note: This information is sourced from the official website/ sanctioning body and is subject to change.
Here is more information about the eligibility requirements, selection criteria, and fees forIIT Madras BTech admission in 2025:
As per the official website, the IIT Madras BTech fee is INR 8 lakh, which is calculated based on the first year/ semester fee. This information is sourced from the official website/ sanctioning body and is subject to change.Apart from the course fee, candidates seeking admission to the IIT Madras BTech course are also required to pay the application fee to appear for the JEE Main 2025 entrance exam. Students applying for JEE, need to pay an amount of INR 1,000 (for boys) and INR 800 (for girls). For more fee details, candidates are advised to contact the admission department of the institute.
No, IIT Madras BTech admission is only based on candidates' performance in JEE Maine exam, followed by the counselling round. JEE Main is also an eligibility test for JEE Advanced, which is conducted for admission to IITs. Candidates who have qualified for JEE Main are only eligible to appear for JEE Advanced entrance test for admission to IIT Madras BTech courses. To seek admission to the BTech programme offered at IIT Madras, candidates need to visit the official website of the National Testing Agency (NTA) and fill out the application form in online mode for JEE Main.
The eligibility criteria for the BTech course at Indian Institute of Technology Madras (IIT Madras) is that candidates should have passed Class 12 with a minimum of 75% aggregate. Aso, candidates need to clear the national-level entrance exams which include JEE Main, and JEE Advanced. Further, the duration of the course is areound four years. Eligible candidates can apply by visiting the official website of these national level entrance exams.
Hello aspirant!
IIT Madras BTech cutoff 2024got released across multiple specialisations. Based on the Round 1 seat allotment, to get into IIT Madras, students must score between159and,9912for the General AII India category. In addition to that, For getting into BTech Mechanical Engineering, you must have a rank upto 2302. Also, Mechanical Engineering is one of the most competitive BTech specialisations at IIT Madras. So, considering the round 1 cutoff, if you are seeking admission toIndian Institute of Technology Madras,you must secure a maximum rank upto 9912.
A detailed course-wise IIT Madras JEE Advanced cutoff 2024 is given below for the General category students under the AII India Quota.
A two-year MTech course is offered across 26 specialisations at IIT Madras. A valid GATE score is required to secure a seat in MTech course at IIT Madras. The total seat intake for MTech course is 717. Later on, the seats are offered via the COAP Counselling process. More details aroundIIT Madras MTech admission 2025are as follows:
MTech admission at IIT Madras is primarily based on GATE scores, followed by COAP counselling. However, as per the basic eligibility criteria mentioned on the official website of IIT Madras, getting admission at the institute without qualifying for the GATE entrance exam is possible.
For this, candidates must have a BTech degree from one of the IITs, with a minimumCGPA of 8.0(on a scale of 10). Such candidates can directly apply for MTech admission through the official IIT Madras website. These applications are then reviewed by the respective departments before taking the final admission decision.
Candidates seeking for admission to M.Tech at IIT Madras, candidates must pass graduation with minimum 60% aggregate as the minimum eligibility criteria for General category candidtaes.
In addition to this, candidates must also qualify GATE exam with a valid score. The cutoff may fluctuate every year, as it depends upon multiple factors. As per witnessing the last three years' closing cutoff for M.Tech course at IIT Madras, the highest closing ranks have been between 500 to 800 made for all top specialisations.
Predict your chances of getting a seat to M.Tech course at IIT Madras.
IIT Madras admissions for BTech are entirely entrance-based. To secure a seat at top BTech specialisations at IIT Madras, candidates must qualify forJEE Main, followed byJEE Advancedwith a good rank. Candidates who passed Class 12 with a minimum of 75% aggregate are eligible to sit for the respective entrance exam. Candidates will be selected based on their past academic records and scores obtained in the respective entrance exams. Furthermore, the selected candidates will be allocated seats through theJoSAA Counselling process.
At the PG level, IIT Madras offers admission to a two-year MSc course. Candidates who passed graduation in BSc are eligible to apply for the course. Further, a valid IIT JAM score is also required to get admission toIIT Madras MSc admission 2025.
Yes, you can do anMSc at IIT Madras.The institute offers a two-year postgraduate degree for this course. Students can pursue the course in the field of Physics, Chemistry, and Mathematics. Those looking to enrol in IIT Madras MSc need to clear JAM exam. Additionally, to be eligible forMSc admission at IIT Madras, students must have passed an UG degree or should be currently studying in the final year of the UG programme. Proof of having passed the undergraduate degree must be submitted at the time of admission. Interested candidates can visit the official website of IITM to know more about the course.
The eligibility criteria for MSc course at IIndian Institute of Technology Madras (IIT Madras) is that candidate should have passed Class 12 with a minimum of 75% aggregate. Moreover, candidates should have passed graduation with a minimum of 50% aggregate. The IIT Madras MSc admissions is based on entrance exam. The entrance exams accepted include JEE Main, JEE Advanced, and IIT JAM. Additionally, the duration of the course range between two to five years. Candidates can visit the official website to apply.
TheIIT Madras MBA admissionsare entirely based on a validCATscore. The total tuition fee forMBAis INR 1.3 lakh. Candidates are selected based on a Reflective Writing and Personal Interview, Composite (CAT score, Past academic performance, Work experience, Academic & Gender Diversity and Other Achievements). More details aroundIIT Madras MBA admissions 2025are as follows:
IIT Madras MBA fee ranges betweenINR 1.3 lakhandINR 1.7 lakh. The fee structure may vary for bothDay Scholars and Hostellers. The regular day scholars have to particularly pay forTuition Fees, Establishment Chargesandfor Extra-curricular activities. Additionally, hosteller candidates have to pay forHostel Admission FeesandAdvanced Dining Charges, also. However, this information is sourced from official website/ sanctioning body and is subject to change.Candidates are advised to contact the admission department of the University for a detailed IIT Madras MBA fees structure.
IIT Madras MBA admission is based on candidates' performance in CAT, conducted by IIMs. Students seeking admission can apply online by visiting the official website of CAT. The final admission is granted on the basis of CAT score, past academic record, work experience, performance in PI round, academic diversity, gender diversity and other achievements (if any). Apart from all these, candidates also need to fulfil the minimum eligibility requirement. Check here theCAT exam patternand detailedsyllabusto ace the exam.
Yes, IIT Madras can be one of the prime choice for MBA aspirants. The institute recorded a100% placement ratefor its MBA batch passing out in 2024. Thehighestandaverage packageoffered during IIT Madras MBA placements in 2024 stood atINR 29.65andINR 16.93 LPA,respectively. Further, themedian packageoffered to during IIT Madras MBA placements in 2024 stood atINR 20.40 LPA.
Talking about theIndian Institute of Technology Madras rankings, the institute has beenranked 15by the National Institutional  Ranking Framework (NIRF) 2023 for its Management category courses. In the year 2022, IIT Madras was ranked 10 in the Management category by the NIRF. Find here about the othertop ranking IITs in India.

ADMISSION HIGHLIGHTS:
Particulars | IIT Madras Admission Highlights
Mode of study | Regular/ Full-Time
Programmes Offered | 12+ courses across multiple specialisations
How to apply? | jeemain.nta.nic.in
Level of programmes offered | Undergraduate, Postgraduate, Certificate & Doctoral-level courses
Popular programmes | BTech | MTech | PhD | MSc
Download Brochure | download"
1,IIT Madras - Indian Institute of Technology,Salary : ₹ 19.00 Lakh,Not RankedIndia Today ' 23Not RankedTimes ' 24Not RankedOutlook ' 24,https://www.shiksha.com/college/iit-madras-indian-institute-of-technology-adyar-chennai-3031/courses,MA,https://www.shiksha.com/college/iit-madras-indian-institute-of-technology-adyar-chennai-3031/courses/ma-bc,Eligibility Criteria Accepted Exam GATE,"IIT Madras offers an Integrated MA programme for a duration of five years. Admission to this course is completely entrance-based. The admission of Integrated MA aspirants subjects to their valid score in HSEE , conducted by IIT Madras. Upon qualifying, the candidates need to appear for HSEE Counselling to get a confirmed seat. The aspirants also need to fulfil the below-mentioned eligibility criteria to qualify for admission. Eligibility: The candidate should have appeared in any one of the following qualifying examinations for the first time in either 2021 or 2022. Final exam of Class 12 Intermediate or two-year Pre-University exam Final examination of the two-year course of the - Joint Services Wing of NDA SSC exam, conducted by NIOS with a minimum of five subjects HSC vocational exam Class 12 skill courses of CBSE General Certificate Education (GCE) examination at the advanced level Read more","IIT Madras M.A. What’s new? IIT Madras MA July 2025 applications are open, and the last date to apply is extended to May 2, 2025.","Ranked#1under the category'Engineering'as per theNIRF Ranking 2024, IIT Madras is the premier college to pursue Engineering programmes, especially BTech.IIT Madras course admissionsare primarilyentrance-based.The institute offers various programmes at the undergraduate, postgraduate, and doctoral levels. These courses are offered in various areas of study such as Engineering, Management, Science, etc.IIT Madras admission criteriaare completely entrance-based forBTech, MTech, MSc and BSc courses.IIT Madrasadmission to most of the courses is done through national-level entrance exams including JEE Main/ JEE Advanced, IIT JAM and GATE, among others. Candidates seeking admission to IIT Madras courses must visit the official website of these entrance exams to apply online.
Check out the below infographic to learn more aboutIIT Madras BTech admission:
Indian Institute of Technology Madrasalso known asIITMoffers the programmes through regular and full-time modes. Students are offered over ten programmes spanning multiple specialisations. Candidates seeking admission to IIT Madras can check out the most updated information related to theIIT Madras admissionsin the following highlights section:
Particulars
IIT Madras Admission Highlights
Mode of study
Regular/ Full-Time
Programmes Offered
12+ courses across multiple specialisations
How to apply?
jeemain.nta.nic.in
Level of programmes offered
Undergraduate, Postgraduate, Certificate & Doctoral-level courses
Popular programmes
BTech | MTech | PhD | MSc
Download Brochure
download
At the undergraduate level, IIT Madras offers BTech, BS & MS Dual Degree,BTech & MTech Dual Degree and BSc courses. It offers MTech, MSc and Integrated MA courses at the postgraduate level.IIT Madras entrance examfor admission to UG and PG courses includes JEE Main/ JEE Advanced, GATE, IIT JAM etc.IIT Madras admissionto the flagship BTech course is done based on JEE advanced scores. Given below is the list ofIIT Madras courseseligibility and selection criteria:
Class 12 or equivalent
Class 12 with a minimum aggregate of 60%
BE/ BTech with a minimum aggregate of 60%
Graduation in a relevant field
Class 12 or equivalent
Graduation with a minimum aggregate of 60%
Graduation in a relevant field
IIT Madras feesfor all UG & PG courses include components such as tuition fees, hostel fees and one-time fee payments. The lowest tuition fee for IIT Madras courses is INR 10,000, whereas the highest fees goes up to INR 17 lakh. On the other hand, the average package offered ranges between INR 9.6 LPA and INR 19 LPA. Candidates can check the following table for a detailed IIT Madras fee breakdown and average package for all the popular courses:
Disclaimer:This information is sourced from the official website/ sanctioning body and is subject to change.
IIT Madras fee pdf
Check out the below infographic to know if IIT Madars is worth it:
IIT Madras coursesare offered with multiple specialisation options such asAerospace Engineering,Computer Science Engineering,Mechanical Engineering, etc. Candidates need to participate in counselling conducted by the relevant body to get a seat into most of the programmes. Aspirants can check out the total seat intake for popular IIT Madras courses in the table below:
IIT Madras admission processincludes the application process, selection round, cutoff, merit list and counselling. Students must meet the eligibility and selection criteria prior to applying for the desired course. The process mainly commences online. The step-wise admission process for IIT Madras UG & PG courses is given below:
Step 1: IIT Madras Application Process
Candidates seeking admission at IIT Madras are required to complete the application form for the course-specific entrance exam. For example, for BTech, candidates are required to apply for JEE Main followed by JEE Advanced application. Similarly, for the MSc, IIT JAM application form is required to be completed. However, for MTech admission, candidates have to register for GATE first. The qualifying candidates have further applied for COAP and then applied on the official website of IIT Madras to proceed to confirm their admission.
Step 2: Selection Rounds
IIT Madras admits students to BTech courses based on JEE Main and JEE Advanced candidate's scores. Candidates are allotted seats in JoSAA Counselling for BTech, BTech-MTech (Dual Degree) and BS courses. Admission to MTech is through GATE followed by COAP Counselling. The institute considers IIT JAM and CCMN Counselling for MSc courses. Candidates can check with the admission office for the selection rounds of the rest of the courses.
Step 3: Release of Cutoff list, Counselling & Admission Confirmation
The cutoff for BTech, MTech and MSc courses is released by the respective counselling bodies. For merit-based courses, IIT Madras will release the course-wise merit list on its official website. As per theIIT Madras cut-off, candidates are called for counselling for seat allotment. Shortlisted candidates and then required to pay the admission fee to confirm their seats.
Check out the video below for information regarding theIIT Madras Data Science degree course without JEE:
Yes, there are many other courses for which the selection criteria are different and the prescribed entrance exam is also other than JEE-Main and JEE-Advanced. Below are some of the courses offered at IIT Madras along with their eligibility criteria and entrance exam:
To seek admission to the BTech programme offered at IIT Madras, candidates need to visit the official website of the National Testing Agency (NTA) and fill out the application form in online mode for JEE Main. For other courses such as MSc, MTech, BS-MS (Dual Degree) etc., candidates must visit the official website of respective national-level entrance exam conducting bodies and fill out the application form in online mode. IIT Madras admission to most of the courses is entrance-based. For detailed information around IIT Madras course admission,click here.
Qualifying marks for JEE Mains 2025, also called qualifying percentile for JEE Mains will be announced by the NTA along with the session 2 result. Candidates must note that qualifying percentile for JEE Mains 2025 is the minimum percentile required to appear in JEE Advanced 2025. For admission to NIT or IIITs, there is no provision of qualifying marks in JEE Mains 2025 and admission is given based on All India Rank in JEE Mains exam. NTA will announce JEE Mains 2025 All India rank in April after session 2 exam results.
The IIT MadrasBTechprogramme is a full-time, regular programme with a duration of 4 years. Students can pursue the programme across multiple specialisations, such asComputer Science & Engineering, Mechanical Engineering, Civil Engineering,Aerospace Engineering, and more.BTech admission at IIT Madrasis entirelyentrance-based. Aspirants require a validJEE MainandJEE Advanced score.Once the exam results are out, students must participate inJoSAA counselling for seat allotment. The minimum eligibility is to pass Class 12 in the Science stream with a minimum aggregate of 75% from a recognised board.
Compare IIT Madras with other IITs in the below infographic:
*In the absence of official data, this information is aggregated from student's verified reviews from Shiksha.
Note: This information is sourced from the official website/ sanctioning body and is subject to change.
Here is more information about the eligibility requirements, selection criteria, and fees forIIT Madras BTech admission in 2025:
As per the official website, the IIT Madras BTech fee is INR 8 lakh, which is calculated based on the first year/ semester fee. This information is sourced from the official website/ sanctioning body and is subject to change.Apart from the course fee, candidates seeking admission to the IIT Madras BTech course are also required to pay the application fee to appear for the JEE Main 2025 entrance exam. Students applying for JEE, need to pay an amount of INR 1,000 (for boys) and INR 800 (for girls). For more fee details, candidates are advised to contact the admission department of the institute.
No, IIT Madras BTech admission is only based on candidates' performance in JEE Maine exam, followed by the counselling round. JEE Main is also an eligibility test for JEE Advanced, which is conducted for admission to IITs. Candidates who have qualified for JEE Main are only eligible to appear for JEE Advanced entrance test for admission to IIT Madras BTech courses. To seek admission to the BTech programme offered at IIT Madras, candidates need to visit the official website of the National Testing Agency (NTA) and fill out the application form in online mode for JEE Main.
The eligibility criteria for the BTech course at Indian Institute of Technology Madras (IIT Madras) is that candidates should have passed Class 12 with a minimum of 75% aggregate. Aso, candidates need to clear the national-level entrance exams which include JEE Main, and JEE Advanced. Further, the duration of the course is areound four years. Eligible candidates can apply by visiting the official website of these national level entrance exams.
Hello aspirant!
IIT Madras BTech cutoff 2024got released across multiple specialisations. Based on the Round 1 seat allotment, to get into IIT Madras, students must score between159and,9912for the General AII India category. In addition to that, For getting into BTech Mechanical Engineering, you must have a rank upto 2302. Also, Mechanical Engineering is one of the most competitive BTech specialisations at IIT Madras. So, considering the round 1 cutoff, if you are seeking admission toIndian Institute of Technology Madras,you must secure a maximum rank upto 9912.
A detailed course-wise IIT Madras JEE Advanced cutoff 2024 is given below for the General category students under the AII India Quota.
A two-year MTech course is offered across 26 specialisations at IIT Madras. A valid GATE score is required to secure a seat in MTech course at IIT Madras. The total seat intake for MTech course is 717. Later on, the seats are offered via the COAP Counselling process. More details aroundIIT Madras MTech admission 2025are as follows:
MTech admission at IIT Madras is primarily based on GATE scores, followed by COAP counselling. However, as per the basic eligibility criteria mentioned on the official website of IIT Madras, getting admission at the institute without qualifying for the GATE entrance exam is possible.
For this, candidates must have a BTech degree from one of the IITs, with a minimumCGPA of 8.0(on a scale of 10). Such candidates can directly apply for MTech admission through the official IIT Madras website. These applications are then reviewed by the respective departments before taking the final admission decision.
Candidates seeking for admission to M.Tech at IIT Madras, candidates must pass graduation with minimum 60% aggregate as the minimum eligibility criteria for General category candidtaes.
In addition to this, candidates must also qualify GATE exam with a valid score. The cutoff may fluctuate every year, as it depends upon multiple factors. As per witnessing the last three years' closing cutoff for M.Tech course at IIT Madras, the highest closing ranks have been between 500 to 800 made for all top specialisations.
Predict your chances of getting a seat to M.Tech course at IIT Madras.
IIT Madras admissions for BTech are entirely entrance-based. To secure a seat at top BTech specialisations at IIT Madras, candidates must qualify forJEE Main, followed byJEE Advancedwith a good rank. Candidates who passed Class 12 with a minimum of 75% aggregate are eligible to sit for the respective entrance exam. Candidates will be selected based on their past academic records and scores obtained in the respective entrance exams. Furthermore, the selected candidates will be allocated seats through theJoSAA Counselling process.
At the PG level, IIT Madras offers admission to a two-year MSc course. Candidates who passed graduation in BSc are eligible to apply for the course. Further, a valid IIT JAM score is also required to get admission toIIT Madras MSc admission 2025.
Yes, you can do anMSc at IIT Madras.The institute offers a two-year postgraduate degree for this course. Students can pursue the course in the field of Physics, Chemistry, and Mathematics. Those looking to enrol in IIT Madras MSc need to clear JAM exam. Additionally, to be eligible forMSc admission at IIT Madras, students must have passed an UG degree or should be currently studying in the final year of the UG programme. Proof of having passed the undergraduate degree must be submitted at the time of admission. Interested candidates can visit the official website of IITM to know more about the course.
The eligibility criteria for MSc course at IIndian Institute of Technology Madras (IIT Madras) is that candidate should have passed Class 12 with a minimum of 75% aggregate. Moreover, candidates should have passed graduation with a minimum of 50% aggregate. The IIT Madras MSc admissions is based on entrance exam. The entrance exams accepted include JEE Main, JEE Advanced, and IIT JAM. Additionally, the duration of the course range between two to five years. Candidates can visit the official website to apply.
TheIIT Madras MBA admissionsare entirely based on a validCATscore. The total tuition fee forMBAis INR 1.3 lakh. Candidates are selected based on a Reflective Writing and Personal Interview, Composite (CAT score, Past academic performance, Work experience, Academic & Gender Diversity and Other Achievements). More details aroundIIT Madras MBA admissions 2025are as follows:
IIT Madras MBA fee ranges betweenINR 1.3 lakhandINR 1.7 lakh. The fee structure may vary for bothDay Scholars and Hostellers. The regular day scholars have to particularly pay forTuition Fees, Establishment Chargesandfor Extra-curricular activities. Additionally, hosteller candidates have to pay forHostel Admission FeesandAdvanced Dining Charges, also. However, this information is sourced from official website/ sanctioning body and is subject to change.Candidates are advised to contact the admission department of the University for a detailed IIT Madras MBA fees structure.
IIT Madras MBA admission is based on candidates' performance in CAT, conducted by IIMs. Students seeking admission can apply online by visiting the official website of CAT. The final admission is granted on the basis of CAT score, past academic record, work experience, performance in PI round, academic diversity, gender diversity and other achievements (if any). Apart from all these, candidates also need to fulfil the minimum eligibility requirement. Check here theCAT exam patternand detailedsyllabusto ace the exam.
Yes, IIT Madras can be one of the prime choice for MBA aspirants. The institute recorded a100% placement ratefor its MBA batch passing out in 2024. Thehighestandaverage packageoffered during IIT Madras MBA placements in 2024 stood atINR 29.65andINR 16.93 LPA,respectively. Further, themedian packageoffered to during IIT Madras MBA placements in 2024 stood atINR 20.40 LPA.
Talking about theIndian Institute of Technology Madras rankings, the institute has beenranked 15by the National Institutional  Ranking Framework (NIRF) 2023 for its Management category courses. In the year 2022, IIT Madras was ranked 10 in the Management category by the NIRF. Find here about the othertop ranking IITs in India.

ADMISSION HIGHLIGHTS:
Particulars | IIT Madras Admission Highlights
Mode of study | Regular/ Full-Time
Programmes Offered | 12+ courses across multiple specialisations
How to apply? | jeemain.nta.nic.in
Level of programmes offered | Undergraduate, Postgraduate, Certificate & Doctoral-level courses
Popular programmes | BTech | MTech | PhD | MSc
Download Brochure | download"
1,IIT Madras - Indian Institute of Technology,Salary : ₹ 19.00 Lakh,Not RankedIndia Today ' 23Not RankedTimes ' 24Not RankedOutlook ' 24,https://www.shiksha.com/college/iit-madras-indian-institute-of-technology-adyar-chennai-3031/courses,MSc,https://www.shiksha.com/college/iit-madras-indian-institute-of-technology-adyar-chennai-3031/courses/msc-bc,Eligibility Criteria Accepted Exam IIT JAM JEE Advanced GATE + 2 more 10+2 score 75%,"IIT Madras MSc is a full-time course offered at the post-graduate. The duration of the programme is two years, spread in a semester pattern. The programme is offered in three specialisations. These specialisations include Physics , Chemistry and Mathematics . Admission to MSc at IIT Madras is through the JAM examination. The IIT Madras MSc eligibility criteria depend on the accepted entrance exam. To be eligible for MSc admission at IIT Madras , candidates should have passed an undergraduate degree or should be currently studying in the final year of the undergraduate programme. Proof of having passed the undergraduate degree must be submitted at the time of admission. IIT Madras MSc Fees 2024 The fee structure of IIT Madras courses comprises several components, such as tuition fees, hostel fees, medical insurance, mess and other security deposits, etc. The MSc tuition fee at IIT Madras ranges between INR 10,000 and 20,000 for two years. Additionally, students must pay a one-time fee ranging from INR 5,500 to INR 7,250. The mentioned fee has been sourced from the official website of the institute/sanctioning body. It is still subject to change and hence, is indicative. Find below the key highlights for IIT Madras MSc course : Read more","IIT Madras M.Sc. What’s new? The IIT JAM Counselling 2025 invalid category candidates list for the MSc course will be displayed on May 8, 2025 . Further, the IIT JAM 2025 first admission list will be released tentatively on May 26, 2025.","Ranked#1under the category'Engineering'as per theNIRF Ranking 2024, IIT Madras is the premier college to pursue Engineering programmes, especially BTech.IIT Madras course admissionsare primarilyentrance-based.The institute offers various programmes at the undergraduate, postgraduate, and doctoral levels. These courses are offered in various areas of study such as Engineering, Management, Science, etc.IIT Madras admission criteriaare completely entrance-based forBTech, MTech, MSc and BSc courses.IIT Madrasadmission to most of the courses is done through national-level entrance exams including JEE Main/ JEE Advanced, IIT JAM and GATE, among others. Candidates seeking admission to IIT Madras courses must visit the official website of these entrance exams to apply online.
Check out the below infographic to learn more aboutIIT Madras BTech admission:
Indian Institute of Technology Madrasalso known asIITMoffers the programmes through regular and full-time modes. Students are offered over ten programmes spanning multiple specialisations. Candidates seeking admission to IIT Madras can check out the most updated information related to theIIT Madras admissionsin the following highlights section:
Particulars
IIT Madras Admission Highlights
Mode of study
Regular/ Full-Time
Programmes Offered
12+ courses across multiple specialisations
How to apply?
jeemain.nta.nic.in
Level of programmes offered
Undergraduate, Postgraduate, Certificate & Doctoral-level courses
Popular programmes
BTech | MTech | PhD | MSc
Download Brochure
download
At the undergraduate level, IIT Madras offers BTech, BS & MS Dual Degree,BTech & MTech Dual Degree and BSc courses. It offers MTech, MSc and Integrated MA courses at the postgraduate level.IIT Madras entrance examfor admission to UG and PG courses includes JEE Main/ JEE Advanced, GATE, IIT JAM etc.IIT Madras admissionto the flagship BTech course is done based on JEE advanced scores. Given below is the list ofIIT Madras courseseligibility and selection criteria:
Class 12 or equivalent
Class 12 with a minimum aggregate of 60%
BE/ BTech with a minimum aggregate of 60%
Graduation in a relevant field
Class 12 or equivalent
Graduation with a minimum aggregate of 60%
Graduation in a relevant field
IIT Madras feesfor all UG & PG courses include components such as tuition fees, hostel fees and one-time fee payments. The lowest tuition fee for IIT Madras courses is INR 10,000, whereas the highest fees goes up to INR 17 lakh. On the other hand, the average package offered ranges between INR 9.6 LPA and INR 19 LPA. Candidates can check the following table for a detailed IIT Madras fee breakdown and average package for all the popular courses:
Disclaimer:This information is sourced from the official website/ sanctioning body and is subject to change.
IIT Madras fee pdf
Check out the below infographic to know if IIT Madars is worth it:
IIT Madras coursesare offered with multiple specialisation options such asAerospace Engineering,Computer Science Engineering,Mechanical Engineering, etc. Candidates need to participate in counselling conducted by the relevant body to get a seat into most of the programmes. Aspirants can check out the total seat intake for popular IIT Madras courses in the table below:
IIT Madras admission processincludes the application process, selection round, cutoff, merit list and counselling. Students must meet the eligibility and selection criteria prior to applying for the desired course. The process mainly commences online. The step-wise admission process for IIT Madras UG & PG courses is given below:
Step 1: IIT Madras Application Process
Candidates seeking admission at IIT Madras are required to complete the application form for the course-specific entrance exam. For example, for BTech, candidates are required to apply for JEE Main followed by JEE Advanced application. Similarly, for the MSc, IIT JAM application form is required to be completed. However, for MTech admission, candidates have to register for GATE first. The qualifying candidates have further applied for COAP and then applied on the official website of IIT Madras to proceed to confirm their admission.
Step 2: Selection Rounds
IIT Madras admits students to BTech courses based on JEE Main and JEE Advanced candidate's scores. Candidates are allotted seats in JoSAA Counselling for BTech, BTech-MTech (Dual Degree) and BS courses. Admission to MTech is through GATE followed by COAP Counselling. The institute considers IIT JAM and CCMN Counselling for MSc courses. Candidates can check with the admission office for the selection rounds of the rest of the courses.
Step 3: Release of Cutoff list, Counselling & Admission Confirmation
The cutoff for BTech, MTech and MSc courses is released by the respective counselling bodies. For merit-based courses, IIT Madras will release the course-wise merit list on its official website. As per theIIT Madras cut-off, candidates are called for counselling for seat allotment. Shortlisted candidates and then required to pay the admission fee to confirm their seats.
Check out the video below for information regarding theIIT Madras Data Science degree course without JEE:
Yes, there are many other courses for which the selection criteria are different and the prescribed entrance exam is also other than JEE-Main and JEE-Advanced. Below are some of the courses offered at IIT Madras along with their eligibility criteria and entrance exam:
To seek admission to the BTech programme offered at IIT Madras, candidates need to visit the official website of the National Testing Agency (NTA) and fill out the application form in online mode for JEE Main. For other courses such as MSc, MTech, BS-MS (Dual Degree) etc., candidates must visit the official website of respective national-level entrance exam conducting bodies and fill out the application form in online mode. IIT Madras admission to most of the courses is entrance-based. For detailed information around IIT Madras course admission,click here.
Qualifying marks for JEE Mains 2025, also called qualifying percentile for JEE Mains will be announced by the NTA along with the session 2 result. Candidates must note that qualifying percentile for JEE Mains 2025 is the minimum percentile required to appear in JEE Advanced 2025. For admission to NIT or IIITs, there is no provision of qualifying marks in JEE Mains 2025 and admission is given based on All India Rank in JEE Mains exam. NTA will announce JEE Mains 2025 All India rank in April after session 2 exam results.
The IIT MadrasBTechprogramme is a full-time, regular programme with a duration of 4 years. Students can pursue the programme across multiple specialisations, such asComputer Science & Engineering, Mechanical Engineering, Civil Engineering,Aerospace Engineering, and more.BTech admission at IIT Madrasis entirelyentrance-based. Aspirants require a validJEE MainandJEE Advanced score.Once the exam results are out, students must participate inJoSAA counselling for seat allotment. The minimum eligibility is to pass Class 12 in the Science stream with a minimum aggregate of 75% from a recognised board.
Compare IIT Madras with other IITs in the below infographic:
*In the absence of official data, this information is aggregated from student's verified reviews from Shiksha.
Note: This information is sourced from the official website/ sanctioning body and is subject to change.
Here is more information about the eligibility requirements, selection criteria, and fees forIIT Madras BTech admission in 2025:
As per the official website, the IIT Madras BTech fee is INR 8 lakh, which is calculated based on the first year/ semester fee. This information is sourced from the official website/ sanctioning body and is subject to change.Apart from the course fee, candidates seeking admission to the IIT Madras BTech course are also required to pay the application fee to appear for the JEE Main 2025 entrance exam. Students applying for JEE, need to pay an amount of INR 1,000 (for boys) and INR 800 (for girls). For more fee details, candidates are advised to contact the admission department of the institute.
No, IIT Madras BTech admission is only based on candidates' performance in JEE Maine exam, followed by the counselling round. JEE Main is also an eligibility test for JEE Advanced, which is conducted for admission to IITs. Candidates who have qualified for JEE Main are only eligible to appear for JEE Advanced entrance test for admission to IIT Madras BTech courses. To seek admission to the BTech programme offered at IIT Madras, candidates need to visit the official website of the National Testing Agency (NTA) and fill out the application form in online mode for JEE Main.
The eligibility criteria for the BTech course at Indian Institute of Technology Madras (IIT Madras) is that candidates should have passed Class 12 with a minimum of 75% aggregate. Aso, candidates need to clear the national-level entrance exams which include JEE Main, and JEE Advanced. Further, the duration of the course is areound four years. Eligible candidates can apply by visiting the official website of these national level entrance exams.
Hello aspirant!
IIT Madras BTech cutoff 2024got released across multiple specialisations. Based on the Round 1 seat allotment, to get into IIT Madras, students must score between159and,9912for the General AII India category. In addition to that, For getting into BTech Mechanical Engineering, you must have a rank upto 2302. Also, Mechanical Engineering is one of the most competitive BTech specialisations at IIT Madras. So, considering the round 1 cutoff, if you are seeking admission toIndian Institute of Technology Madras,you must secure a maximum rank upto 9912.
A detailed course-wise IIT Madras JEE Advanced cutoff 2024 is given below for the General category students under the AII India Quota.
A two-year MTech course is offered across 26 specialisations at IIT Madras. A valid GATE score is required to secure a seat in MTech course at IIT Madras. The total seat intake for MTech course is 717. Later on, the seats are offered via the COAP Counselling process. More details aroundIIT Madras MTech admission 2025are as follows:
MTech admission at IIT Madras is primarily based on GATE scores, followed by COAP counselling. However, as per the basic eligibility criteria mentioned on the official website of IIT Madras, getting admission at the institute without qualifying for the GATE entrance exam is possible.
For this, candidates must have a BTech degree from one of the IITs, with a minimumCGPA of 8.0(on a scale of 10). Such candidates can directly apply for MTech admission through the official IIT Madras website. These applications are then reviewed by the respective departments before taking the final admission decision.
Candidates seeking for admission to M.Tech at IIT Madras, candidates must pass graduation with minimum 60% aggregate as the minimum eligibility criteria for General category candidtaes.
In addition to this, candidates must also qualify GATE exam with a valid score. The cutoff may fluctuate every year, as it depends upon multiple factors. As per witnessing the last three years' closing cutoff for M.Tech course at IIT Madras, the highest closing ranks have been between 500 to 800 made for all top specialisations.
Predict your chances of getting a seat to M.Tech course at IIT Madras.
IIT Madras admissions for BTech are entirely entrance-based. To secure a seat at top BTech specialisations at IIT Madras, candidates must qualify forJEE Main, followed byJEE Advancedwith a good rank. Candidates who passed Class 12 with a minimum of 75% aggregate are eligible to sit for the respective entrance exam. Candidates will be selected based on their past academic records and scores obtained in the respective entrance exams. Furthermore, the selected candidates will be allocated seats through theJoSAA Counselling process.
At the PG level, IIT Madras offers admission to a two-year MSc course. Candidates who passed graduation in BSc are eligible to apply for the course. Further, a valid IIT JAM score is also required to get admission toIIT Madras MSc admission 2025.
Yes, you can do anMSc at IIT Madras.The institute offers a two-year postgraduate degree for this course. Students can pursue the course in the field of Physics, Chemistry, and Mathematics. Those looking to enrol in IIT Madras MSc need to clear JAM exam. Additionally, to be eligible forMSc admission at IIT Madras, students must have passed an UG degree or should be currently studying in the final year of the UG programme. Proof of having passed the undergraduate degree must be submitted at the time of admission. Interested candidates can visit the official website of IITM to know more about the course.
The eligibility criteria for MSc course at IIndian Institute of Technology Madras (IIT Madras) is that candidate should have passed Class 12 with a minimum of 75% aggregate. Moreover, candidates should have passed graduation with a minimum of 50% aggregate. The IIT Madras MSc admissions is based on entrance exam. The entrance exams accepted include JEE Main, JEE Advanced, and IIT JAM. Additionally, the duration of the course range between two to five years. Candidates can visit the official website to apply.
TheIIT Madras MBA admissionsare entirely based on a validCATscore. The total tuition fee forMBAis INR 1.3 lakh. Candidates are selected based on a Reflective Writing and Personal Interview, Composite (CAT score, Past academic performance, Work experience, Academic & Gender Diversity and Other Achievements). More details aroundIIT Madras MBA admissions 2025are as follows:
IIT Madras MBA fee ranges betweenINR 1.3 lakhandINR 1.7 lakh. The fee structure may vary for bothDay Scholars and Hostellers. The regular day scholars have to particularly pay forTuition Fees, Establishment Chargesandfor Extra-curricular activities. Additionally, hosteller candidates have to pay forHostel Admission FeesandAdvanced Dining Charges, also. However, this information is sourced from official website/ sanctioning body and is subject to change.Candidates are advised to contact the admission department of the University for a detailed IIT Madras MBA fees structure.
IIT Madras MBA admission is based on candidates' performance in CAT, conducted by IIMs. Students seeking admission can apply online by visiting the official website of CAT. The final admission is granted on the basis of CAT score, past academic record, work experience, performance in PI round, academic diversity, gender diversity and other achievements (if any). Apart from all these, candidates also need to fulfil the minimum eligibility requirement. Check here theCAT exam patternand detailedsyllabusto ace the exam.
Yes, IIT Madras can be one of the prime choice for MBA aspirants. The institute recorded a100% placement ratefor its MBA batch passing out in 2024. Thehighestandaverage packageoffered during IIT Madras MBA placements in 2024 stood atINR 29.65andINR 16.93 LPA,respectively. Further, themedian packageoffered to during IIT Madras MBA placements in 2024 stood atINR 20.40 LPA.
Talking about theIndian Institute of Technology Madras rankings, the institute has beenranked 15by the National Institutional  Ranking Framework (NIRF) 2023 for its Management category courses. In the year 2022, IIT Madras was ranked 10 in the Management category by the NIRF. Find here about the othertop ranking IITs in India.

ADMISSION HIGHLIGHTS:
Particulars | IIT Madras Admission Highlights
Mode of study | Regular/ Full-Time
Programmes Offered | 12+ courses across multiple specialisations
How to apply? | jeemain.nta.nic.in
Level of programmes offered | Undergraduate, Postgraduate, Certificate & Doctoral-level courses
Popular programmes | BTech | MTech | PhD | MSc
Download Brochure | download"
2,IIT Delhi - Indian Institute of Technology,Salary : ₹ 20.00 Lakh,1India Today ' 23Not RankedTimes ' 24Not RankedOutlook ' 24,https://www.shiksha.com/university/iit-delhi-indian-institute-of-technology-53938/courses,B.E. / B.Tech,https://www.shiksha.com/university/iit-delhi-indian-institute-of-technology-53938/courses/be-btech-bc,Eligibility Criteria Accepted Exam JEE Main JEE Advanced UCEED + 2 more 10+2 score 75%,"IIT Delhi BTech is a four-year course, which is offered in a full-time mode across 14 specialisations. Some of the offered course specialisations are CSE , Mechanical Engineering, Textile Technology , etc. Admission to IIT Delhi BTech courses is based on the aspirant's JEE Advanced score. To qualify for JEE Advanced, candidates have to pass the JEE Main exam. Students can appear for JEE Main in two sessions, this allows students to improve their scores and take the April session exam if Jan one is missed. After the entrance test result declaration, candidates have to go through the JoSAA counselling for the seat allotment process. Thus, to apply for admission to BTech branches in IIT Delhi , eligible students need to apply for JEE Main. Moreover, the institute also offers dual degree courses (BTech & MTech) in three specialisations. The centralised counselling process for all the IITs is managed and regulated by the JoSAA, based on which seat allotment is carried out for all the JEE Advanced-qualified candidates. The seat allotment is based on the IITD BTech cut-off and a candidate's preference for specialisations. For admission to a BTech course, an aspirant must fulfil the eligibility criteria for JEE Main and JEE Advanced, as specified below: Course Eligibility Criteria BTech (common for all specialisations) Passed Class 12 from a recognised board with a minimum of 75% aggregate (65% for SC/ST/PwD candidates) or be in the top 20 percentile Check: IITD Prospectus 2023-24 IIT Delhi BTech Fees 2025 Candidates after counselling need to pay the fees to confirm their seat in IIT Delhi courses . The course fee includes multiple components, such as tuition fee, hostel fee, library deposit, training and placement fee, etc. Some of the fee components are one-time chargeable, while some have to be paid annually/ semester-wise. Students can refer to the below table for the IIT Delhi BTech fee breakup : Course Tuition Fee Hostel Fee One-Time Fee BTech INR 8 lakh INR 3.71 lakh INR 16,150 NOTE: The above-mentioned fee is taken from the official website/ sanctioning body. It is still subject to change and hence, is indicative. Check out the below video to know more about IIT Delhi BTech courses: Find below more details related to BTech at IIT Delhi : Read more","IIT Delhi B.E. / B.Tech What’s new? The JEE Main Session 2 result 2025 has been released for admission to BE/ BTech courses . Candidates who appeared for the exam can log in and check or download their scorecards from the official website. The JEE Advanced 2025 registration window for the BTech course is now open, and the last date to register is May 2, 2025 . To confirm the registration process, candidates must pay their registration fee latest by May 5, 2025 . In addition, the JEE Advanced 2025 examination will be held on May 18, 2025 .","Indian Institute of Technology (IIT) Delhi admission 2025is entrance-based for all the courses. The application forms are available on the institute's official website. The Indian Institute of Technology (IIT) offers a list of courses at the undergraduate, postgraduate and doctoral levels. The flagship programme of IIT Delhi is BTech which is offered in 14 different specialisations. Admission to Bachelor of Technology (BTech) is granted based on JEE Advanced followed by JoSAA counselling. Furthermore, MTech, MSc and MDes programmes are offered byIIT Delhithrough the GATE, IIT JAM, and CEED scores. The seat allotment for BTech, MTech, and MSc courses is carried out through respective counselling bodies.
Before applying to a course, the aspirant must carefully check the eligibility requirements. Go through the infographic below to learn more about the Indian Institute of Technology Delhi admission process 2025:
IIT Delhi course admissionbegins with the application process of the accepted entrance exams. BTech is the flagship course of this institute. IIT Delhi admission criteria differ from one course to another. Eligible aspirants can check out the below table for IIT Delhi admission 2025:
Particulars
IIT Delhi Admission Highlights 2025
Mode of study
Regular/ Full-Time
Application status
Open
Fee range across courses
PG Courses: INR 30,000 - INR 12.6 lakh
UG Courses:INR 8 lakh - INR 8.7 lakh
Programmes Offered
5+ courses across multiple specialisations
Level of programmes offered
Undergraduate, Postgraduate, Certificate & Doctoral-level courses
Popular programmes
BTech | MTech
Download
IIT Delhi PG Brochure
IIT Delhi admission process is entrance-based, except for the PG Diploma course. For BTech admission, IIT Delhi accepts JEE Main and JEE Advanced entrance exam scores, followed by the counselling round. For IIT Delhi MBA admission, candidates must have a valid CAT score. Similarly, admission to IIT Delhi MTech and MSc courses is GATE and IIT JAM based, followed by COAP and CCMN counselling, respectively. Registration isopenfor Master of Science (MSc) admission. IIT JAM examination will be held on Feb 2, 2025. Given below is the list ofIndian Institute of Technology Delhi coursesalong with the selection and eligibility criteria:
Class 12 from a recognised board with a minimum 75% aggregate
Bachelor’s degree or equivalent with a minimum 60% aggregate
BE/ BTech/ MSc or equivalent with a minimum 60% aggregate
Bachelor’s degree in a relevant stream with a minimum 55% aggregate
Candidates from the Science Stream with Physics,Chemistryand Mathematics as subjects
BE/ BTech/ BDes/ BArch or equivalent degree with a minimum 60% aggregate
Bachelor's degree in the relevant fields from a recognised institute
The various components included in theIIT Delhi feesare tuition fees, hostel fees, admission fees, caution deposits, etc. Some of the components are chargeable one-time in the total course fee. During the course, candidates have to submit the fees semester-wise. Tabulated below is the course-wise tuition fee for popular programmes available at Indian Institute of Technology:
NOTE:The above-mentioned course fee is as per the official website/sanctioning body. It is subject to changes and hence, is indicative.
Download:IIT Delhi Fees
Explore more to learn more about Indian Institute of Technology (IIT) Delhi:
IIT Delhi flagship programmes have a larger number of seats which is more than 1,200, while other courses have a limited intake. The seat allotment at IITs is carried out as per theJoSAAseat matrix. Candidates have to participate in the counselling procedure to secure seats at IITs. Find below the IIT Delhi seat intake for some of the programs:
NOTE:The above-mentioned seat intake for the courses is as per the official website/sanctioning body. It is subject to changes and hence, is indicative.
For IIT Delhi admission, the percentages of seats reserved for students belonging to different categories such as *Differently Abled Persons (PwD), *Economically Weaker Section (EWS) and others. However, if a female student fails to get a seat in the Female-Only category, she can get admitted via the Gender-Neutral category of seats also. for undergraduate (BTech/BSc) programmes are available in the below table:
Student Category
Reservation % for Gender-Neutral seats
Reservation % for Female-Only seats
OPEN
30.78%
7.70%
GEN-EWS (Economically Weaker Section)
*7.60%
1.90%
OBC-NCL
20.52%
5.13%
SC
11.40%
2.85%
ST
5.70%
1.43%
OPEN-PWD (Differently Abled)*
1.62%
0.41%
GEN-EWS-PWD (Differently Abled)
0.40%
0.10%
OBC-NCL-PWD (Differently Abled)
1.08%
0.27%
SC-PWD (Differently Abled)
0.60%
0.15%
ST-PWD (Differently Abled)
0.30%
0.08%
NOTE 1:SC-Scheduled Caste, ST, Scheduled Tribes, GEN-General, PWD-Person with Disability, OBC-Other Backward Class, NCL-Non-Creamy Layer, EWS-Economically Weaker Section. Know more aboutJEE main seat reservation
NOTE 2:The above-mentioned information is as per the official website/sanctioning body. It is subject to changes and hence, is indicative.
Candidates applying for IIT Delhi courses must ensure that they are meeting the above-mentioned eligibility criteria. The institute has a multi-step admission process that students must follow to get into the institute. The admission procedure involves registration, entrance exam, shortlisting, release of merit list, counselling, and admission confirmation. Mentioned below in detail is how to get admission to Indian Institute of Technology Delhi:
Step 1: IIT Delhi Application Process 2025
Candidates seeking admission at IIT Delhi are required to complete the application form for the course-specific entrance exam. For example, for BTech, candidates are required to apply for JEE Main, followed byJEE Advancedapplication.
Similarly, forIIT Delhi PG admissions, the IIT-JAM (Joint Admission Test for Masters) application form is required to be completed for the MSc course and likewise other accepted exam applications. Furthermore, apart from exam applications, candidates applying for PhD/PG courses need to apply separately on the IIT-D official website.
Step 2: IIT Delhi Selection Criteria
After the conclusion of the application process, students are required to take the course-specific entrance exam followed by other selection rounds (if applicable). After which, counselling rounds are carried out for some of the programmes for the seat allotment process.
Step 3: Admission Confirmation
Candidates selected after all the selection rounds can confirm their admission/seat by paying the required amount ofIIT Delhi fee.
The preparation for JEE Main begins two years in advance. It is a national-level exam, which can be passed with a good base of concepts and preparation. A good preparation strategy is what helps a student clear the JEE Main exam. Some of the pointers to include in the action plan are mentioned below:
The first step is to clear JEE Main, however, the ultimate objective must be to qualify JEE Advanced exam, check out thepreparation strategy for JEE Advanced.
Check out more on IIT Delhi Admissions in the below video:
Quick Links:
IIT Delhi admission is entrance-based for all the programmes (Except for PG Diploma). For the diploma course, selection is done merit-basis. Candidates who have passed Class 12 can apply for the Indian Institute of Technology Delhi undergraduate courses. More details around the admission process of some of the courses are provided below:
No, admission to the IIT Delhi courses is entrance-based, except for PG Diploma course. There is no provision for direct admission. However, for IIT Delhi MTech admission, the institute offers direct admission to candidates with an overall CGPA of 8.00 out of 10. Those students are exempted from GATE and are eligible for direct admissions. The below table mentions course-wise accepted entrance exams:
Courses
Accepted Entrance Exam
BTech
JEE Main/JEE Advanced
MBA
CAT
MTech
GATE
MSc
IIT JAM
BDes
UCEED
MDes
UCEED
No, the tuition fee for the IIT DelhiBTechis around INR 8 Lacs. At the UG level, IIT Delhi offers four to five-year BTech courses to students. The IIT Delhi accepts theJEE MainandJEE Advancedentrance exam scores for admission to various courses. IITD has ranked 2 under 'Engineering' and 4 under 'Overall' and 'Management' categories by the NIRF 2022. Apart from the PG and UG courses, IITD also provides a PG Diploma course for the DMRC and Indian Navy-sponsored candidates. IIT Delhi has also started offering various Certificate programmes for a duration of six to one year, including courses like Digital Marketing, Data Science, and Human Resource Management, among others. At the doctoral level, the institute provides an MS (by Research) course for a duration of three years.
In order to get admision at IIT Delhi, the candidate have to meet the last educational qualification. To know the selection criteria for few of a top courses offered at IIT Delhi students can check the table below:
Class 12 from a recognised board with a minimum 75% aggregate
Bachelor's degree or equivalent with a minimum 60% aggregate
BE/ BTech/ MSc or equivalent with a minimum 60% aggregate
Bachelor's degree in a relevant stream with a minimum 55% aggregate
Candidates from the Science Stream with Physics,  Chemistry and Mathematics as subjects
IIT Delhi offers a full-time Bachelor of Technology (BTech) programme with a duration of four years. Eligible students must have good scores in the JEE Advanced exam for BTech at IIT Delhi. Shortlisted candidates are allotted seats through JoSAA counselling.
BTech at IIT Delhi is available across 14 specialisations, namely CSE,Mathematics & Computing Engineering, Electrical Engineering, Electrical Engineering (Power and Automation), Mechanical Engineering, Chemical Engineering and Engineering Physics, among others. Out of all these, CSE and Mathematics & Computing Engineering are the most competitive specialisations basis their cutoff. Candidates can compare IIT Delhi with other IITs by going through the below infographic:
Note: This information is sourced from the official website/ sanctioning body and is subject to change.
In the 2022 placement season, 64 BTech programme students were selected for higher studies and in the 2021 placement season, 101 students were selected for higher studies.
The return on investment for BTech is calculated as below:
Total tuition Fee:INR 8 lakh - INR 8.7 lakh
Average package:INR 20 lakh - INR 20.5 lakh
In case a student can’t manage to get into IIT Delhi, other popular IITs for BTech are as follows:
College Name
NIRF Rank 2023
Highest Package (2023)
Course Fee (BTech)
IIT Delhi
2
INR 1 crore per annum
INR 8 lakh - INR 8.7 LPA
IIT Madras
1
INR 1.31 crore per annum
INR 5.3 lakh - INR 10 lakh
IIT Bombay
3
INR 1.68 crore per annum
INR 8 lakh - INR 20 lakh
IIT Kharagpur
6
Above INR 2.68 crore per annum
INR 8 lakh - INR 10 lakh
Here is more information about the eligibility requirements, selection criteria, and fees for IIT Delhi BTech admission in 2025:
Admission to BTech courses in IIT Delhi is subject to fulfiment of the eligibility requirements for JEE Main and JEE Advanced. The students who have passed Class 12 in Science stream with at least 75% aggregate (65% aggregate for SC/ST/PwD) are eligible to apply. Candidate should have passed the qualifying exam from a recognised board. In addition, it is also crucial that the applicant hold the relevant documents as a proof of eligibility.
IIT Delhi BTech admission 2025 is based on JEE Advanced scores. Though the institute records high cutoffs every year, with adequate preparation, anyone can seek admission to its BTech programme. Candidates need to be thorough with their Class 11 and Class 12 syllabus with proficiency in Science and Mathematics to crack the exam. The students must have a valid score in JoSAA. Also, for similar top-notch or tier 1 BTech colleges such as IITs, NITs and IIITs, the pattern of the entrance for BTech is the same.
Yes, getting BTech admission at IIT Delhi is very tough. IIT Delhi is one of the most prestigious engineering universities in India, and it attracts lakhs of applicants each year. The admission process is highly competitive, and only a selected few students are admitted. To be eligible for BTech admission at IIT Delhi, students must have passed theJEE Advanced entrance examwith a high rank. In 2024, the closing rank for BTech admission at IIT Delhi ranged between116 - 6102.
In addition to having a high JEE Advanced rank, students must also meet certain academic requirements to be eligible for BTech admission at IIT Delhi. These requirements include:
Even if students meet all of the eligibility requirements, they are not guaranteed admission to BTech programs at IIT Delhi. The admission process is highly competitive, and only the top students are admitted.
The IIT Delhi MTech course is spread across four semesters. The programme is offered across different specialisations. IIT Delhi MTech admission is done based on the Graduate Aptitude Test in Engineering (GATE) score. Shortlisted candidates based on exam scores have to go through COAP counselling for final seat allotment at IIT.
IIT Delhi MTech admission is completely entrance-based. Candidates seeking admission to the IIT Delhi MTech course must appear for the Graduate Aptitude Test in Engineering (GATE). However, BTech graduates from IITs with an overall CGPA of 8.00 out of 10 are exempted from GATE and are eligible for direct admissions. Apart from this, candidates are also requested to fulfil the minimum eligibility criteria to be eligible for IIT Delhi MTech admission.
Yes, any candidate who has passed BE/ BTech/ MSc or equivalent with a minimum 60% aggregate are eligible to apply for IIT Delhi M.Tech programme. Aspirants must also qualify GATE for admission to MTech. Aspirants with a score equal to or more than the cutoff also have to go through a counselling round. Once selected, aspirants have to pay a course fee to confirm their seat in the institute.
There are multiple components added to the course fee, including tuition fee, hostel fee, student welfare fund, training and placement charges, etc. IIT Delhi MTech tuition fees range between INR 10,000 and INR 11.9 lakh. The fee mentioned here is taken from an official source/sanctioning body and is subject to changes. Hence, is indicative. The given fee range include tuition fee for different specialisations and integrated courses.
IIT Delhi MSc course is available in different specialisations. The mode of education is full-time. This two-year PG course is spread across four semesters. IIT Delhi MSc admission differs from one specialisation to another. For the MSc in Chemistry programme, the selection is done based on the IIT JAM score followed by CCMN counselling. However, for the MSc cognitive science programmes, admission is based on a score in COGJET/ GATE/ JAM/ NET followed by an interview round.
Yes, IIT Delhi offers a two-year full-time MSc course at the postgraduate level. The programme is offered across different specialisations. IIT Delhi admission to various MSc specialisations differs. For IITD MSc admission in Chemistry is based on a valid IIT JAM score, followed by a CCMN Counselling round. For more detailed information related to theIIT Delhi MSc course, candidates are advised to contact the admission department of the institute.
The total seat intake for the IIT Delhi MSc course is 254. Given below is the specialisation-wise seat intake for IIT Delhi MSc course:
IIT Delhi MSc Seat Intake
Specialisations
Seat Intake
Cognitive Science
25
Economics
25
Chemistry
68
Mathematics
68
Physics
68
The MBA programme is offered by the institute through itsDepartment of Management Studies(DMS). Additionally, it also offers an Executive MBA course of a three-year duration. IIT Delhi MBA admission is based on merit in the CAT examination. Shortlisted candidates have to go through an interview round as well. Candidates are advised to check the eligibility requirements before filling out the admission form.
No, the institute offers admission based on CAT scores. Candidates seeking admission to IIT Delhi MBA course must apply online for CAT. IIT Delhi MBA admission is based on candidates' performance in the CAT entrance test, followed by a GD & PI round. Apart from this, candidates are also required to fulfil the minimum eligibility criteria for IIT Delhi MBA admission. To be eligible for MBA admission at IIT Delhi, candidates must have a Bachelor's degree or equivalent of a minimum of three-years duration after Class 12 with a CGPA of 6.00 on a 10-point scale or 60% aggregate.
Candidates seeking admission toMBAcourse at IIT Delhi must visit the official website of theDMS IIT Delhito apply online. IIT Delhi MBA admission to General and Telecommunication Systems Management is based on a CAT score. The final selection is based on candidates' performance in the GD & PI rounds.
To secure admission at DMS IIT Delhi for the MBA programme, ensure to meet the eligibility criteria of having a graduation degree with at least 60% aggregate. The primary selection criterion is based on theCAT exam. After taking theCAT exam, candidates should also undergo an interview round as part of the admission procedure. Additionally, if students are interested in the Executive MBA programme, similar eligibility criteria will apply, along with the CAT exam as the selection parameter. The tuition fee for the MBA programme is INR 11.2 lakh.
IIT Delhi offers two MBA programs: a General MBA and an MBA in Telecommunication System Management. Additionally, students can customise their MBA experience by selecting electives in the following areas:

ADMISSION HIGHLIGHTS:
Particulars | IIT Delhi Admission Highlights 2025
Mode of study | Regular/ Full-Time
Application status | Open
Fee range across courses | PG Courses: INR 30,000 - INR 12.6 lakhUG Courses:INR 8 lakh - INR 8.7 lakh
Programmes Offered | 5+ courses across multiple specialisations
Level of programmes offered | Undergraduate, Postgraduate, Certificate & Doctoral-level courses
Popular programmes | BTech | MTech
Download | IIT Delhi PG Brochure"
2,IIT Delhi - Indian Institute of Technology,Salary : ₹ 20.00 Lakh,1India Today ' 23Not RankedTimes ' 24Not RankedOutlook ' 24,https://www.shiksha.com/university/iit-delhi-indian-institute-of-technology-53938/courses,M.E./M.Tech,https://www.shiksha.com/university/iit-delhi-indian-institute-of-technology-53938/courses/me-mtech-bc,Eligibility Criteria Accepted Exam GATE Graduation score 60%,"Indian Institute of Technology (IIT) Delhi offer a two-year MTech programme, which is spread across four semesters. BTech graduates, fulfilling the eligibility criteria can apply for any of the 43 MTech specialisations. IIT Delhi MTech admission is through the Graduate Aptitude Test in Engineering (GATE). Candidates shortlisted based on exam scores have to further go through COAP counselling for final seat allotment. MTech course admission starts at IITs with the GATE registration process. The application form is generally out in the month of August, as per the past years' trend. IIT Delhi admission to the MTech programme is based on GATE scores. However, BTech graduates from IITs with an overall CGPA of 8.00 out of 10 are exempted from GATE and are eligible for direct admissions. All the shortlisted candidates undergo COAP Counselling based on which seats are offered as per seat availability. IIT Delhi also offers an MTech programme in part-time and sponsored full-time modes . Candidates willing to seek admission in any of these two modes need to appear for a written test, followed by a PI round, both conducted by the institute. Mentioned below is the eligibility criteria: Eligibility: BE/BTech/MSc or equivalent degree from a recognised institution with a minimum of 60% aggregate or 6.00 CGPA out of 10 OR AMIE/ Graduate IETE degree holders from a recognised institution. Read more: IITD Prospectus 2023-24 Top MTech Colleges in India IIT Delhi MTech Fees 2025 Candidates have to pay the first-semester fee or the admission fee amount as prescribed by the authorities. IIT Delhi MTech tuition fees range from INR 3 lakh to INR 10 lakh . The mentioned fee amount is as per the official website/sanctioning body. It is still subject to changes and hence, is indicative. Find below the IIT Delhi MTech video: Find below some key highlights for MTech at IIT Delhi : Read more","IIT Delhi M.E./M.Tech What’s new? IIT Delhi MTech 2025 applications are open, and the last date is Apr 14, 2025 . Further, the written tests/ i nterviews will be held from May 14 to Jun 16, 2025. The GATE COAP 2025 registration is open for the ME/MTech courses , and the deadline is May 15, 2025 . Further, the GATE COAP 2025 round 1 window to view offers and take a decision will be opened on May 17, 2025 (10 AM).","Indian Institute of Technology (IIT) Delhi admission 2025is entrance-based for all the courses. The application forms are available on the institute's official website. The Indian Institute of Technology (IIT) offers a list of courses at the undergraduate, postgraduate and doctoral levels. The flagship programme of IIT Delhi is BTech which is offered in 14 different specialisations. Admission to Bachelor of Technology (BTech) is granted based on JEE Advanced followed by JoSAA counselling. Furthermore, MTech, MSc and MDes programmes are offered byIIT Delhithrough the GATE, IIT JAM, and CEED scores. The seat allotment for BTech, MTech, and MSc courses is carried out through respective counselling bodies.
Before applying to a course, the aspirant must carefully check the eligibility requirements. Go through the infographic below to learn more about the Indian Institute of Technology Delhi admission process 2025:
IIT Delhi course admissionbegins with the application process of the accepted entrance exams. BTech is the flagship course of this institute. IIT Delhi admission criteria differ from one course to another. Eligible aspirants can check out the below table for IIT Delhi admission 2025:
Particulars
IIT Delhi Admission Highlights 2025
Mode of study
Regular/ Full-Time
Application status
Open
Fee range across courses
PG Courses: INR 30,000 - INR 12.6 lakh
UG Courses:INR 8 lakh - INR 8.7 lakh
Programmes Offered
5+ courses across multiple specialisations
Level of programmes offered
Undergraduate, Postgraduate, Certificate & Doctoral-level courses
Popular programmes
BTech | MTech
Download
IIT Delhi PG Brochure
IIT Delhi admission process is entrance-based, except for the PG Diploma course. For BTech admission, IIT Delhi accepts JEE Main and JEE Advanced entrance exam scores, followed by the counselling round. For IIT Delhi MBA admission, candidates must have a valid CAT score. Similarly, admission to IIT Delhi MTech and MSc courses is GATE and IIT JAM based, followed by COAP and CCMN counselling, respectively. Registration isopenfor Master of Science (MSc) admission. IIT JAM examination will be held on Feb 2, 2025. Given below is the list ofIndian Institute of Technology Delhi coursesalong with the selection and eligibility criteria:
Class 12 from a recognised board with a minimum 75% aggregate
Bachelor’s degree or equivalent with a minimum 60% aggregate
BE/ BTech/ MSc or equivalent with a minimum 60% aggregate
Bachelor’s degree in a relevant stream with a minimum 55% aggregate
Candidates from the Science Stream with Physics,Chemistryand Mathematics as subjects
BE/ BTech/ BDes/ BArch or equivalent degree with a minimum 60% aggregate
Bachelor's degree in the relevant fields from a recognised institute
The various components included in theIIT Delhi feesare tuition fees, hostel fees, admission fees, caution deposits, etc. Some of the components are chargeable one-time in the total course fee. During the course, candidates have to submit the fees semester-wise. Tabulated below is the course-wise tuition fee for popular programmes available at Indian Institute of Technology:
NOTE:The above-mentioned course fee is as per the official website/sanctioning body. It is subject to changes and hence, is indicative.
Download:IIT Delhi Fees
Explore more to learn more about Indian Institute of Technology (IIT) Delhi:
IIT Delhi flagship programmes have a larger number of seats which is more than 1,200, while other courses have a limited intake. The seat allotment at IITs is carried out as per theJoSAAseat matrix. Candidates have to participate in the counselling procedure to secure seats at IITs. Find below the IIT Delhi seat intake for some of the programs:
NOTE:The above-mentioned seat intake for the courses is as per the official website/sanctioning body. It is subject to changes and hence, is indicative.
For IIT Delhi admission, the percentages of seats reserved for students belonging to different categories such as *Differently Abled Persons (PwD), *Economically Weaker Section (EWS) and others. However, if a female student fails to get a seat in the Female-Only category, she can get admitted via the Gender-Neutral category of seats also. for undergraduate (BTech/BSc) programmes are available in the below table:
Student Category
Reservation % for Gender-Neutral seats
Reservation % for Female-Only seats
OPEN
30.78%
7.70%
GEN-EWS (Economically Weaker Section)
*7.60%
1.90%
OBC-NCL
20.52%
5.13%
SC
11.40%
2.85%
ST
5.70%
1.43%
OPEN-PWD (Differently Abled)*
1.62%
0.41%
GEN-EWS-PWD (Differently Abled)
0.40%
0.10%
OBC-NCL-PWD (Differently Abled)
1.08%
0.27%
SC-PWD (Differently Abled)
0.60%
0.15%
ST-PWD (Differently Abled)
0.30%
0.08%
NOTE 1:SC-Scheduled Caste, ST, Scheduled Tribes, GEN-General, PWD-Person with Disability, OBC-Other Backward Class, NCL-Non-Creamy Layer, EWS-Economically Weaker Section. Know more aboutJEE main seat reservation
NOTE 2:The above-mentioned information is as per the official website/sanctioning body. It is subject to changes and hence, is indicative.
Candidates applying for IIT Delhi courses must ensure that they are meeting the above-mentioned eligibility criteria. The institute has a multi-step admission process that students must follow to get into the institute. The admission procedure involves registration, entrance exam, shortlisting, release of merit list, counselling, and admission confirmation. Mentioned below in detail is how to get admission to Indian Institute of Technology Delhi:
Step 1: IIT Delhi Application Process 2025
Candidates seeking admission at IIT Delhi are required to complete the application form for the course-specific entrance exam. For example, for BTech, candidates are required to apply for JEE Main, followed byJEE Advancedapplication.
Similarly, forIIT Delhi PG admissions, the IIT-JAM (Joint Admission Test for Masters) application form is required to be completed for the MSc course and likewise other accepted exam applications. Furthermore, apart from exam applications, candidates applying for PhD/PG courses need to apply separately on the IIT-D official website.
Step 2: IIT Delhi Selection Criteria
After the conclusion of the application process, students are required to take the course-specific entrance exam followed by other selection rounds (if applicable). After which, counselling rounds are carried out for some of the programmes for the seat allotment process.
Step 3: Admission Confirmation
Candidates selected after all the selection rounds can confirm their admission/seat by paying the required amount ofIIT Delhi fee.
The preparation for JEE Main begins two years in advance. It is a national-level exam, which can be passed with a good base of concepts and preparation. A good preparation strategy is what helps a student clear the JEE Main exam. Some of the pointers to include in the action plan are mentioned below:
The first step is to clear JEE Main, however, the ultimate objective must be to qualify JEE Advanced exam, check out thepreparation strategy for JEE Advanced.
Check out more on IIT Delhi Admissions in the below video:
Quick Links:
IIT Delhi admission is entrance-based for all the programmes (Except for PG Diploma). For the diploma course, selection is done merit-basis. Candidates who have passed Class 12 can apply for the Indian Institute of Technology Delhi undergraduate courses. More details around the admission process of some of the courses are provided below:
No, admission to the IIT Delhi courses is entrance-based, except for PG Diploma course. There is no provision for direct admission. However, for IIT Delhi MTech admission, the institute offers direct admission to candidates with an overall CGPA of 8.00 out of 10. Those students are exempted from GATE and are eligible for direct admissions. The below table mentions course-wise accepted entrance exams:
Courses
Accepted Entrance Exam
BTech
JEE Main/JEE Advanced
MBA
CAT
MTech
GATE
MSc
IIT JAM
BDes
UCEED
MDes
UCEED
No, the tuition fee for the IIT DelhiBTechis around INR 8 Lacs. At the UG level, IIT Delhi offers four to five-year BTech courses to students. The IIT Delhi accepts theJEE MainandJEE Advancedentrance exam scores for admission to various courses. IITD has ranked 2 under 'Engineering' and 4 under 'Overall' and 'Management' categories by the NIRF 2022. Apart from the PG and UG courses, IITD also provides a PG Diploma course for the DMRC and Indian Navy-sponsored candidates. IIT Delhi has also started offering various Certificate programmes for a duration of six to one year, including courses like Digital Marketing, Data Science, and Human Resource Management, among others. At the doctoral level, the institute provides an MS (by Research) course for a duration of three years.
In order to get admision at IIT Delhi, the candidate have to meet the last educational qualification. To know the selection criteria for few of a top courses offered at IIT Delhi students can check the table below:
Class 12 from a recognised board with a minimum 75% aggregate
Bachelor's degree or equivalent with a minimum 60% aggregate
BE/ BTech/ MSc or equivalent with a minimum 60% aggregate
Bachelor's degree in a relevant stream with a minimum 55% aggregate
Candidates from the Science Stream with Physics,  Chemistry and Mathematics as subjects
IIT Delhi offers a full-time Bachelor of Technology (BTech) programme with a duration of four years. Eligible students must have good scores in the JEE Advanced exam for BTech at IIT Delhi. Shortlisted candidates are allotted seats through JoSAA counselling.
BTech at IIT Delhi is available across 14 specialisations, namely CSE,Mathematics & Computing Engineering, Electrical Engineering, Electrical Engineering (Power and Automation), Mechanical Engineering, Chemical Engineering and Engineering Physics, among others. Out of all these, CSE and Mathematics & Computing Engineering are the most competitive specialisations basis their cutoff. Candidates can compare IIT Delhi with other IITs by going through the below infographic:
Note: This information is sourced from the official website/ sanctioning body and is subject to change.
In the 2022 placement season, 64 BTech programme students were selected for higher studies and in the 2021 placement season, 101 students were selected for higher studies.
The return on investment for BTech is calculated as below:
Total tuition Fee:INR 8 lakh - INR 8.7 lakh
Average package:INR 20 lakh - INR 20.5 lakh
In case a student can’t manage to get into IIT Delhi, other popular IITs for BTech are as follows:
College Name
NIRF Rank 2023
Highest Package (2023)
Course Fee (BTech)
IIT Delhi
2
INR 1 crore per annum
INR 8 lakh - INR 8.7 LPA
IIT Madras
1
INR 1.31 crore per annum
INR 5.3 lakh - INR 10 lakh
IIT Bombay
3
INR 1.68 crore per annum
INR 8 lakh - INR 20 lakh
IIT Kharagpur
6
Above INR 2.68 crore per annum
INR 8 lakh - INR 10 lakh
Here is more information about the eligibility requirements, selection criteria, and fees for IIT Delhi BTech admission in 2025:
Admission to BTech courses in IIT Delhi is subject to fulfiment of the eligibility requirements for JEE Main and JEE Advanced. The students who have passed Class 12 in Science stream with at least 75% aggregate (65% aggregate for SC/ST/PwD) are eligible to apply. Candidate should have passed the qualifying exam from a recognised board. In addition, it is also crucial that the applicant hold the relevant documents as a proof of eligibility.
IIT Delhi BTech admission 2025 is based on JEE Advanced scores. Though the institute records high cutoffs every year, with adequate preparation, anyone can seek admission to its BTech programme. Candidates need to be thorough with their Class 11 and Class 12 syllabus with proficiency in Science and Mathematics to crack the exam. The students must have a valid score in JoSAA. Also, for similar top-notch or tier 1 BTech colleges such as IITs, NITs and IIITs, the pattern of the entrance for BTech is the same.
Yes, getting BTech admission at IIT Delhi is very tough. IIT Delhi is one of the most prestigious engineering universities in India, and it attracts lakhs of applicants each year. The admission process is highly competitive, and only a selected few students are admitted. To be eligible for BTech admission at IIT Delhi, students must have passed theJEE Advanced entrance examwith a high rank. In 2024, the closing rank for BTech admission at IIT Delhi ranged between116 - 6102.
In addition to having a high JEE Advanced rank, students must also meet certain academic requirements to be eligible for BTech admission at IIT Delhi. These requirements include:
Even if students meet all of the eligibility requirements, they are not guaranteed admission to BTech programs at IIT Delhi. The admission process is highly competitive, and only the top students are admitted.
The IIT Delhi MTech course is spread across four semesters. The programme is offered across different specialisations. IIT Delhi MTech admission is done based on the Graduate Aptitude Test in Engineering (GATE) score. Shortlisted candidates based on exam scores have to go through COAP counselling for final seat allotment at IIT.
IIT Delhi MTech admission is completely entrance-based. Candidates seeking admission to the IIT Delhi MTech course must appear for the Graduate Aptitude Test in Engineering (GATE). However, BTech graduates from IITs with an overall CGPA of 8.00 out of 10 are exempted from GATE and are eligible for direct admissions. Apart from this, candidates are also requested to fulfil the minimum eligibility criteria to be eligible for IIT Delhi MTech admission.
Yes, any candidate who has passed BE/ BTech/ MSc or equivalent with a minimum 60% aggregate are eligible to apply for IIT Delhi M.Tech programme. Aspirants must also qualify GATE for admission to MTech. Aspirants with a score equal to or more than the cutoff also have to go through a counselling round. Once selected, aspirants have to pay a course fee to confirm their seat in the institute.
There are multiple components added to the course fee, including tuition fee, hostel fee, student welfare fund, training and placement charges, etc. IIT Delhi MTech tuition fees range between INR 10,000 and INR 11.9 lakh. The fee mentioned here is taken from an official source/sanctioning body and is subject to changes. Hence, is indicative. The given fee range include tuition fee for different specialisations and integrated courses.
IIT Delhi MSc course is available in different specialisations. The mode of education is full-time. This two-year PG course is spread across four semesters. IIT Delhi MSc admission differs from one specialisation to another. For the MSc in Chemistry programme, the selection is done based on the IIT JAM score followed by CCMN counselling. However, for the MSc cognitive science programmes, admission is based on a score in COGJET/ GATE/ JAM/ NET followed by an interview round.
Yes, IIT Delhi offers a two-year full-time MSc course at the postgraduate level. The programme is offered across different specialisations. IIT Delhi admission to various MSc specialisations differs. For IITD MSc admission in Chemistry is based on a valid IIT JAM score, followed by a CCMN Counselling round. For more detailed information related to theIIT Delhi MSc course, candidates are advised to contact the admission department of the institute.
The total seat intake for the IIT Delhi MSc course is 254. Given below is the specialisation-wise seat intake for IIT Delhi MSc course:
IIT Delhi MSc Seat Intake
Specialisations
Seat Intake
Cognitive Science
25
Economics
25
Chemistry
68
Mathematics
68
Physics
68
The MBA programme is offered by the institute through itsDepartment of Management Studies(DMS). Additionally, it also offers an Executive MBA course of a three-year duration. IIT Delhi MBA admission is based on merit in the CAT examination. Shortlisted candidates have to go through an interview round as well. Candidates are advised to check the eligibility requirements before filling out the admission form.
No, the institute offers admission based on CAT scores. Candidates seeking admission to IIT Delhi MBA course must apply online for CAT. IIT Delhi MBA admission is based on candidates' performance in the CAT entrance test, followed by a GD & PI round. Apart from this, candidates are also required to fulfil the minimum eligibility criteria for IIT Delhi MBA admission. To be eligible for MBA admission at IIT Delhi, candidates must have a Bachelor's degree or equivalent of a minimum of three-years duration after Class 12 with a CGPA of 6.00 on a 10-point scale or 60% aggregate.
Candidates seeking admission toMBAcourse at IIT Delhi must visit the official website of theDMS IIT Delhito apply online. IIT Delhi MBA admission to General and Telecommunication Systems Management is based on a CAT score. The final selection is based on candidates' performance in the GD & PI rounds.
To secure admission at DMS IIT Delhi for the MBA programme, ensure to meet the eligibility criteria of having a graduation degree with at least 60% aggregate. The primary selection criterion is based on theCAT exam. After taking theCAT exam, candidates should also undergo an interview round as part of the admission procedure. Additionally, if students are interested in the Executive MBA programme, similar eligibility criteria will apply, along with the CAT exam as the selection parameter. The tuition fee for the MBA programme is INR 11.2 lakh.
IIT Delhi offers two MBA programs: a General MBA and an MBA in Telecommunication System Management. Additionally, students can customise their MBA experience by selecting electives in the following areas:

ADMISSION HIGHLIGHTS:
Particulars | IIT Delhi Admission Highlights 2025
Mode of study | Regular/ Full-Time
Application status | Open
Fee range across courses | PG Courses: INR 30,000 - INR 12.6 lakhUG Courses:INR 8 lakh - INR 8.7 lakh
Programmes Offered | 5+ courses across multiple specialisations
Level of programmes offered | Undergraduate, Postgraduate, Certificate & Doctoral-level courses
Popular programmes | BTech | MTech
Download | IIT Delhi PG Brochure"
2,IIT Delhi - Indian Institute of Technology,Salary : ₹ 20.00 Lakh,1India Today ' 23Not RankedTimes ' 24Not RankedOutlook ' 24,https://www.shiksha.com/university/iit-delhi-indian-institute-of-technology-53938/courses,M.Sc.,https://www.shiksha.com/university/iit-delhi-indian-institute-of-technology-53938/courses/msc-bc,Eligibility Criteria Accepted Exam GATE IIT JAM UGC NET + 2 more Graduation score 55%,"Indian Institute of Technology (IIT) Delhi offer MSc course in full-time mode across distinct specialisations. It is a two-year programme, spread across four academic semesters. IIT Delhi admission to various MSc specialisations differs. IITD MSc admission in Chemistry is based on a valid IIT JAM score, followed by a CCMN Counselling round. For MSc cognitive science course admission is through COGJET/GATE/JAM/NET followed by an interview round. The admission process for MSc programmes begins will the release of the application form, which is generally released in the month of March. Aspirants applying through IIT JAM, have to apply for the same. Further, candidates seeking admission to an MSc programme at IIT Delhi must fulfil the course-specific eligibility requirements. Applications of only the eligible candidates are treated as valid. However, the seat allotment is carried out as per the selection procedure. Aspirants can find below the minimum eligibility criteria for IIT Delhi MSc course admissions: Eligibility: Bachelor’s degree in a relevant stream for at least two years (four semesters) and a minimum aggregate of 55% or 5.5 CGPA out of 10. For complete MSc-specialisations eligibility criteria, check IIT Delhi Prospectus 2023-24 . Indian Institute of Technology Delhi MSc specialisations along with selection criteria are given below: MSc Specialisation Selection Criteria Chemistry (Curriculum) IIT JAM + CCMN Counselling Cognitive Science (Curriculum) COGJET/ GATE / IIT JAM / NET + interview Mathematics (Curriculum) IIT JAM + CCMN Counselling Physics (Curriculum) IIT JAM + CCMN Counselling Economics (Curriculum) IIT Delhi Entrance test + interview Find key highlights related to the IITD MSc course below: Read more","IIT Delhi M.Sc. What’s new? IIT Delhi MSc and MS (By Research) 2025 applications are open, and the last date is Apr 14, 2025 . Further, the written tests/ i nterviews will be held from May 14 to Jun 16, 2025. The IIT JAM Counselling 2025 invalid category candidates list for the MSc course will be displayed on May 8, 2025 . Further, the IIT JAM 2025 first admission list will be released tentatively on May 26, 2025.","Indian Institute of Technology (IIT) Delhi admission 2025is entrance-based for all the courses. The application forms are available on the institute's official website. The Indian Institute of Technology (IIT) offers a list of courses at the undergraduate, postgraduate and doctoral levels. The flagship programme of IIT Delhi is BTech which is offered in 14 different specialisations. Admission to Bachelor of Technology (BTech) is granted based on JEE Advanced followed by JoSAA counselling. Furthermore, MTech, MSc and MDes programmes are offered byIIT Delhithrough the GATE, IIT JAM, and CEED scores. The seat allotment for BTech, MTech, and MSc courses is carried out through respective counselling bodies.
Before applying to a course, the aspirant must carefully check the eligibility requirements. Go through the infographic below to learn more about the Indian Institute of Technology Delhi admission process 2025:
IIT Delhi course admissionbegins with the application process of the accepted entrance exams. BTech is the flagship course of this institute. IIT Delhi admission criteria differ from one course to another. Eligible aspirants can check out the below table for IIT Delhi admission 2025:
Particulars
IIT Delhi Admission Highlights 2025
Mode of study
Regular/ Full-Time
Application status
Open
Fee range across courses
PG Courses: INR 30,000 - INR 12.6 lakh
UG Courses:INR 8 lakh - INR 8.7 lakh
Programmes Offered
5+ courses across multiple specialisations
Level of programmes offered
Undergraduate, Postgraduate, Certificate & Doctoral-level courses
Popular programmes
BTech | MTech
Download
IIT Delhi PG Brochure
IIT Delhi admission process is entrance-based, except for the PG Diploma course. For BTech admission, IIT Delhi accepts JEE Main and JEE Advanced entrance exam scores, followed by the counselling round. For IIT Delhi MBA admission, candidates must have a valid CAT score. Similarly, admission to IIT Delhi MTech and MSc courses is GATE and IIT JAM based, followed by COAP and CCMN counselling, respectively. Registration isopenfor Master of Science (MSc) admission. IIT JAM examination will be held on Feb 2, 2025. Given below is the list ofIndian Institute of Technology Delhi coursesalong with the selection and eligibility criteria:
Class 12 from a recognised board with a minimum 75% aggregate
Bachelor’s degree or equivalent with a minimum 60% aggregate
BE/ BTech/ MSc or equivalent with a minimum 60% aggregate
Bachelor’s degree in a relevant stream with a minimum 55% aggregate
Candidates from the Science Stream with Physics,Chemistryand Mathematics as subjects
BE/ BTech/ BDes/ BArch or equivalent degree with a minimum 60% aggregate
Bachelor's degree in the relevant fields from a recognised institute
The various components included in theIIT Delhi feesare tuition fees, hostel fees, admission fees, caution deposits, etc. Some of the components are chargeable one-time in the total course fee. During the course, candidates have to submit the fees semester-wise. Tabulated below is the course-wise tuition fee for popular programmes available at Indian Institute of Technology:
NOTE:The above-mentioned course fee is as per the official website/sanctioning body. It is subject to changes and hence, is indicative.
Download:IIT Delhi Fees
Explore more to learn more about Indian Institute of Technology (IIT) Delhi:
IIT Delhi flagship programmes have a larger number of seats which is more than 1,200, while other courses have a limited intake. The seat allotment at IITs is carried out as per theJoSAAseat matrix. Candidates have to participate in the counselling procedure to secure seats at IITs. Find below the IIT Delhi seat intake for some of the programs:
NOTE:The above-mentioned seat intake for the courses is as per the official website/sanctioning body. It is subject to changes and hence, is indicative.
For IIT Delhi admission, the percentages of seats reserved for students belonging to different categories such as *Differently Abled Persons (PwD), *Economically Weaker Section (EWS) and others. However, if a female student fails to get a seat in the Female-Only category, she can get admitted via the Gender-Neutral category of seats also. for undergraduate (BTech/BSc) programmes are available in the below table:
Student Category
Reservation % for Gender-Neutral seats
Reservation % for Female-Only seats
OPEN
30.78%
7.70%
GEN-EWS (Economically Weaker Section)
*7.60%
1.90%
OBC-NCL
20.52%
5.13%
SC
11.40%
2.85%
ST
5.70%
1.43%
OPEN-PWD (Differently Abled)*
1.62%
0.41%
GEN-EWS-PWD (Differently Abled)
0.40%
0.10%
OBC-NCL-PWD (Differently Abled)
1.08%
0.27%
SC-PWD (Differently Abled)
0.60%
0.15%
ST-PWD (Differently Abled)
0.30%
0.08%
NOTE 1:SC-Scheduled Caste, ST, Scheduled Tribes, GEN-General, PWD-Person with Disability, OBC-Other Backward Class, NCL-Non-Creamy Layer, EWS-Economically Weaker Section. Know more aboutJEE main seat reservation
NOTE 2:The above-mentioned information is as per the official website/sanctioning body. It is subject to changes and hence, is indicative.
Candidates applying for IIT Delhi courses must ensure that they are meeting the above-mentioned eligibility criteria. The institute has a multi-step admission process that students must follow to get into the institute. The admission procedure involves registration, entrance exam, shortlisting, release of merit list, counselling, and admission confirmation. Mentioned below in detail is how to get admission to Indian Institute of Technology Delhi:
Step 1: IIT Delhi Application Process 2025
Candidates seeking admission at IIT Delhi are required to complete the application form for the course-specific entrance exam. For example, for BTech, candidates are required to apply for JEE Main, followed byJEE Advancedapplication.
Similarly, forIIT Delhi PG admissions, the IIT-JAM (Joint Admission Test for Masters) application form is required to be completed for the MSc course and likewise other accepted exam applications. Furthermore, apart from exam applications, candidates applying for PhD/PG courses need to apply separately on the IIT-D official website.
Step 2: IIT Delhi Selection Criteria
After the conclusion of the application process, students are required to take the course-specific entrance exam followed by other selection rounds (if applicable). After which, counselling rounds are carried out for some of the programmes for the seat allotment process.
Step 3: Admission Confirmation
Candidates selected after all the selection rounds can confirm their admission/seat by paying the required amount ofIIT Delhi fee.
The preparation for JEE Main begins two years in advance. It is a national-level exam, which can be passed with a good base of concepts and preparation. A good preparation strategy is what helps a student clear the JEE Main exam. Some of the pointers to include in the action plan are mentioned below:
The first step is to clear JEE Main, however, the ultimate objective must be to qualify JEE Advanced exam, check out thepreparation strategy for JEE Advanced.
Check out more on IIT Delhi Admissions in the below video:
Quick Links:
IIT Delhi admission is entrance-based for all the programmes (Except for PG Diploma). For the diploma course, selection is done merit-basis. Candidates who have passed Class 12 can apply for the Indian Institute of Technology Delhi undergraduate courses. More details around the admission process of some of the courses are provided below:
No, admission to the IIT Delhi courses is entrance-based, except for PG Diploma course. There is no provision for direct admission. However, for IIT Delhi MTech admission, the institute offers direct admission to candidates with an overall CGPA of 8.00 out of 10. Those students are exempted from GATE and are eligible for direct admissions. The below table mentions course-wise accepted entrance exams:
Courses
Accepted Entrance Exam
BTech
JEE Main/JEE Advanced
MBA
CAT
MTech
GATE
MSc
IIT JAM
BDes
UCEED
MDes
UCEED
No, the tuition fee for the IIT DelhiBTechis around INR 8 Lacs. At the UG level, IIT Delhi offers four to five-year BTech courses to students. The IIT Delhi accepts theJEE MainandJEE Advancedentrance exam scores for admission to various courses. IITD has ranked 2 under 'Engineering' and 4 under 'Overall' and 'Management' categories by the NIRF 2022. Apart from the PG and UG courses, IITD also provides a PG Diploma course for the DMRC and Indian Navy-sponsored candidates. IIT Delhi has also started offering various Certificate programmes for a duration of six to one year, including courses like Digital Marketing, Data Science, and Human Resource Management, among others. At the doctoral level, the institute provides an MS (by Research) course for a duration of three years.
In order to get admision at IIT Delhi, the candidate have to meet the last educational qualification. To know the selection criteria for few of a top courses offered at IIT Delhi students can check the table below:
Class 12 from a recognised board with a minimum 75% aggregate
Bachelor's degree or equivalent with a minimum 60% aggregate
BE/ BTech/ MSc or equivalent with a minimum 60% aggregate
Bachelor's degree in a relevant stream with a minimum 55% aggregate
Candidates from the Science Stream with Physics,  Chemistry and Mathematics as subjects
IIT Delhi offers a full-time Bachelor of Technology (BTech) programme with a duration of four years. Eligible students must have good scores in the JEE Advanced exam for BTech at IIT Delhi. Shortlisted candidates are allotted seats through JoSAA counselling.
BTech at IIT Delhi is available across 14 specialisations, namely CSE,Mathematics & Computing Engineering, Electrical Engineering, Electrical Engineering (Power and Automation), Mechanical Engineering, Chemical Engineering and Engineering Physics, among others. Out of all these, CSE and Mathematics & Computing Engineering are the most competitive specialisations basis their cutoff. Candidates can compare IIT Delhi with other IITs by going through the below infographic:
Note: This information is sourced from the official website/ sanctioning body and is subject to change.
In the 2022 placement season, 64 BTech programme students were selected for higher studies and in the 2021 placement season, 101 students were selected for higher studies.
The return on investment for BTech is calculated as below:
Total tuition Fee:INR 8 lakh - INR 8.7 lakh
Average package:INR 20 lakh - INR 20.5 lakh
In case a student can’t manage to get into IIT Delhi, other popular IITs for BTech are as follows:
College Name
NIRF Rank 2023
Highest Package (2023)
Course Fee (BTech)
IIT Delhi
2
INR 1 crore per annum
INR 8 lakh - INR 8.7 LPA
IIT Madras
1
INR 1.31 crore per annum
INR 5.3 lakh - INR 10 lakh
IIT Bombay
3
INR 1.68 crore per annum
INR 8 lakh - INR 20 lakh
IIT Kharagpur
6
Above INR 2.68 crore per annum
INR 8 lakh - INR 10 lakh
Here is more information about the eligibility requirements, selection criteria, and fees for IIT Delhi BTech admission in 2025:
Admission to BTech courses in IIT Delhi is subject to fulfiment of the eligibility requirements for JEE Main and JEE Advanced. The students who have passed Class 12 in Science stream with at least 75% aggregate (65% aggregate for SC/ST/PwD) are eligible to apply. Candidate should have passed the qualifying exam from a recognised board. In addition, it is also crucial that the applicant hold the relevant documents as a proof of eligibility.
IIT Delhi BTech admission 2025 is based on JEE Advanced scores. Though the institute records high cutoffs every year, with adequate preparation, anyone can seek admission to its BTech programme. Candidates need to be thorough with their Class 11 and Class 12 syllabus with proficiency in Science and Mathematics to crack the exam. The students must have a valid score in JoSAA. Also, for similar top-notch or tier 1 BTech colleges such as IITs, NITs and IIITs, the pattern of the entrance for BTech is the same.
Yes, getting BTech admission at IIT Delhi is very tough. IIT Delhi is one of the most prestigious engineering universities in India, and it attracts lakhs of applicants each year. The admission process is highly competitive, and only a selected few students are admitted. To be eligible for BTech admission at IIT Delhi, students must have passed theJEE Advanced entrance examwith a high rank. In 2024, the closing rank for BTech admission at IIT Delhi ranged between116 - 6102.
In addition to having a high JEE Advanced rank, students must also meet certain academic requirements to be eligible for BTech admission at IIT Delhi. These requirements include:
Even if students meet all of the eligibility requirements, they are not guaranteed admission to BTech programs at IIT Delhi. The admission process is highly competitive, and only the top students are admitted.
The IIT Delhi MTech course is spread across four semesters. The programme is offered across different specialisations. IIT Delhi MTech admission is done based on the Graduate Aptitude Test in Engineering (GATE) score. Shortlisted candidates based on exam scores have to go through COAP counselling for final seat allotment at IIT.
IIT Delhi MTech admission is completely entrance-based. Candidates seeking admission to the IIT Delhi MTech course must appear for the Graduate Aptitude Test in Engineering (GATE). However, BTech graduates from IITs with an overall CGPA of 8.00 out of 10 are exempted from GATE and are eligible for direct admissions. Apart from this, candidates are also requested to fulfil the minimum eligibility criteria to be eligible for IIT Delhi MTech admission.
Yes, any candidate who has passed BE/ BTech/ MSc or equivalent with a minimum 60% aggregate are eligible to apply for IIT Delhi M.Tech programme. Aspirants must also qualify GATE for admission to MTech. Aspirants with a score equal to or more than the cutoff also have to go through a counselling round. Once selected, aspirants have to pay a course fee to confirm their seat in the institute.
There are multiple components added to the course fee, including tuition fee, hostel fee, student welfare fund, training and placement charges, etc. IIT Delhi MTech tuition fees range between INR 10,000 and INR 11.9 lakh. The fee mentioned here is taken from an official source/sanctioning body and is subject to changes. Hence, is indicative. The given fee range include tuition fee for different specialisations and integrated courses.
IIT Delhi MSc course is available in different specialisations. The mode of education is full-time. This two-year PG course is spread across four semesters. IIT Delhi MSc admission differs from one specialisation to another. For the MSc in Chemistry programme, the selection is done based on the IIT JAM score followed by CCMN counselling. However, for the MSc cognitive science programmes, admission is based on a score in COGJET/ GATE/ JAM/ NET followed by an interview round.
Yes, IIT Delhi offers a two-year full-time MSc course at the postgraduate level. The programme is offered across different specialisations. IIT Delhi admission to various MSc specialisations differs. For IITD MSc admission in Chemistry is based on a valid IIT JAM score, followed by a CCMN Counselling round. For more detailed information related to theIIT Delhi MSc course, candidates are advised to contact the admission department of the institute.
The total seat intake for the IIT Delhi MSc course is 254. Given below is the specialisation-wise seat intake for IIT Delhi MSc course:
IIT Delhi MSc Seat Intake
Specialisations
Seat Intake
Cognitive Science
25
Economics
25
Chemistry
68
Mathematics
68
Physics
68
The MBA programme is offered by the institute through itsDepartment of Management Studies(DMS). Additionally, it also offers an Executive MBA course of a three-year duration. IIT Delhi MBA admission is based on merit in the CAT examination. Shortlisted candidates have to go through an interview round as well. Candidates are advised to check the eligibility requirements before filling out the admission form.
No, the institute offers admission based on CAT scores. Candidates seeking admission to IIT Delhi MBA course must apply online for CAT. IIT Delhi MBA admission is based on candidates' performance in the CAT entrance test, followed by a GD & PI round. Apart from this, candidates are also required to fulfil the minimum eligibility criteria for IIT Delhi MBA admission. To be eligible for MBA admission at IIT Delhi, candidates must have a Bachelor's degree or equivalent of a minimum of three-years duration after Class 12 with a CGPA of 6.00 on a 10-point scale or 60% aggregate.
Candidates seeking admission toMBAcourse at IIT Delhi must visit the official website of theDMS IIT Delhito apply online. IIT Delhi MBA admission to General and Telecommunication Systems Management is based on a CAT score. The final selection is based on candidates' performance in the GD & PI rounds.
To secure admission at DMS IIT Delhi for the MBA programme, ensure to meet the eligibility criteria of having a graduation degree with at least 60% aggregate. The primary selection criterion is based on theCAT exam. After taking theCAT exam, candidates should also undergo an interview round as part of the admission procedure. Additionally, if students are interested in the Executive MBA programme, similar eligibility criteria will apply, along with the CAT exam as the selection parameter. The tuition fee for the MBA programme is INR 11.2 lakh.
IIT Delhi offers two MBA programs: a General MBA and an MBA in Telecommunication System Management. Additionally, students can customise their MBA experience by selecting electives in the following areas:

ADMISSION HIGHLIGHTS:
Particulars | IIT Delhi Admission Highlights 2025
Mode of study | Regular/ Full-Time
Application status | Open
Fee range across courses | PG Courses: INR 30,000 - INR 12.6 lakhUG Courses:INR 8 lakh - INR 8.7 lakh
Programmes Offered | 5+ courses across multiple specialisations
Level of programmes offered | Undergraduate, Postgraduate, Certificate & Doctoral-level courses
Popular programmes | BTech | MTech
Download | IIT Delhi PG Brochure"
3,IIT Bombay - Indian Institute of Technology,Salary : ₹ 17.92 Lakh,2India Today ' 23Not RankedTimes ' 24Not RankedOutlook ' 24,https://www.shiksha.com/university/iit-bombay-indian-institute-of-technology-mumbai-54212/courses,B.E. / B.Tech,https://www.shiksha.com/university/iit-bombay-indian-institute-of-technology-mumbai-54212/courses/be-btech-bc,Eligibility Criteria Accepted Exam JEE Main JEE Advanced + 1 more 10+2 score 75%,"IIT Bombay BTech is a four-year course at the UG level, which is offered in nine specialisations. Apart from the normal BTech curriculum, students have an opportunity to increase their knowledge in streams like Electrical Engineering and Computer Science Engineering by undertaking additional courses. By completing 24 credits (approximately five courses) from a broad list of prescribed courses, a student can earn an honours degree in two specialisations. Some of the IIT Bombay BTech courses are Mechanical Engineering , Energy Engineering, Chemical Engineering , etc. Aspirants seeking admission to BTech at IIT Bombay must qualify for JEE Main and JEE Advanced followed by JoSAA Counselling. The following infographic contains more details about IIT Bombay BTech : NOTE: The data mentioned above has been sourced from the official website of the institute. It is still subject to change and hence, is indicative. For admission, it is also necessary that aspirants fulfil the IIT Bombay BTech eligibility criteria , which is as follows: Eligibility Criteria : Aspirants who have completed Class 12 with a minimum of 75% aggregate in Physics , Chemistry, and Mathematics are eligible to pursue BTech courses. IIT Bombay BTech Fees 2025 Students after final selections need to be paid for seat confirmation. The aspirants can also have a look at the fee structure while comparing institutes. Multiple components are included in the IIT Bombay fees , such as tuition fees, caution deposit, hostel and mess charges. Some of the IIT Bombay BTech fee components are mentioned along with the amount: Course Name Caution Deposit Tuition Fee Hostel Fee BTech INR 14,900 INR 8 lakh - INR 20 lakh Without Mess: INR 99,600 With Mess: INR 1.81 lakh NOTE: The above-mentioned fee is taken from the official website/sanctioning body. It is still subject to changes and hence, is indicative. Check out the below video to know more about IIT Bombay BTech: More information related to BTech at IIT Bombay is provided below: Read more","IIT Bombay B.E. / B.Tech What’s new? The JEE Main Session 2 result 2025 has been released for admission to BE/BTech courses . Candidates who appeared for the exam can log in and check or download their scorecards from the official website. The JEE Advanced 2025 registration window for the BTech course is now open, and the last date to register is May 2, 2025 . To confirm the registration process, candidates must pay their registration fee latest by May 5, 2025 . In addition, the JEE Advanced 2025 examination will be held on May 18, 2025 .","If getting into IIT Bombay is your goal then, you must have the right approach.IIT Bombay admission 2025is both merit and entrance-based.BTechbeing theflagship courseattracts the attention of most of the aspirants. In 2025,more than 12 lakh studentsappeared for session 1 of JEE Main just to get into IITs. To get into top IITs likeIIT Bombayrequires a great deal of effort. Since, admission to BTech is based onJEE Mainfollowed byJEE Advanced, the right preparation strategy is the key. JEE Main is a highly competitive exam, students must start preparing in advance to ensure they get into a top college.
Admission to all otherIIT Bombay courses, namely MTech, MSc, etc. are also entrance-based. The institute offers over 86 courses at UG, PG, and PhD levels in the streams of Technology, Science, and Management. Besides, IIT Bombay also offers short-term certificate online courses like Object-oriented Programming, Programming Basics, etc.
Check out the completeIIT Bombay admission processfor BTech below:
IIT Bombay admissionsare entrance-based for UG and PG courses. IIT Bombay is recognised for itsBTechcourse. Hence, getting into this course can be challenging for many. Talking about IIT Bombay Rankings, it has been ranked at'1'under the'Innovation'Category in NIRF 2024 rankings. This is a newly introduced Engineering category of NIRF. The institute offers courses in full-time mode at UG, PG and doctoral levels. Check below key highlights related toIIT Bombay course admission:
Particulars
IIT Bombay Admission Highlights 2025
Mode of study
Programmes Offered
Admission status 2025
Open
Fee Range
UG courses:INR 8 lakh - INR 20 lakh
PG courses:INR 30,000 - INR 20 lakh
Return on Investment (ROI)
Total tuition fee:INR 8 lakh - INR 20 lakh
Average package:INR 13 lakh - INR 26.6 lakh
Notable Alumni
Bhavish Aggarwal (Co-founder of Ola Cabs)
Mansoor Ali Khan (Film Director)
Vipul Goyal (Stand-up Comedian)
How to apply?
BTech:jeemain.nta.ac.in
MSc:https://jam.iitm.ac.in/
For all other courses:https://www.iitb.ac.in/
Level of programmes offered
Popular programmes
Download
IIT Bombay MS by Research Brochure 2025
IIT Bombay MBA Brochure 2025
IIT Bombay MA + PhD Brochure 2025
IIT Bombay MA by Research Brochure 2025
Indian Institute of Technology Bombay admissionopens with registration for the accepted entrance exam. The institute accepts JEE Main and JEE Advanced for flagship programme i.e. BTech. You must pass Class 12 to apply for BTech. One must fulfil the criteria set for the course of their choice. The basic eligibility to apply for UG courses is Class 12 whereas graduation is required for PG programmes. Check below topIIT Mumbai coursesalong with their eligibility and selection criteria:
Class 12 with a minimum of 75% aggregate inPhysics, Chemistry andMathematics
JEE Main+JEE Advanced+JoSAACounselling
Class 12 with a minimum of 75% aggregate in Physics,Chemistryand Mathematics
JEE Main + JEE Advanced + JoSAA Counselling
Bachelor’s degree or a Master’s degree with at least 60% marks (55% in case of candidates belonging to SC/ST/PWD category)
CAT+ Class 12/ graduation performance, postgraduate/ professionals + work experience + PI
Bachelor's degree with a minimum of 60% aggregate (55% aggregate for SC/ ST/ PwD category)
GATE+COAPCounselling
Bachelor's degree
IIT JAM+CCMNcounselling
Bachelor or masters or equivalent degree with a minimum of 60% aggregate (55% aggregate for SC/ ST/ PwD category)
GATE/CSIR NET/CEED/UGC NET/ Entrance Exam + PI
Graduation with at least 55% aggregate (50% aggregate for SC/ ST/ PwD) or equivalent grades in the qualifying degree for individual streams
CEED+ IDC Written Test + Interview
Class 12 or equivalent
UCEED
Click here for otherIIT Mumbai courses
IIT Bombay feesis a sum of multiple components. Out of the total fee, some are one-time paid while others are paid semester-wise. Caution deposit is a refundable amount that is returned to the students after completion of the degree. Fee is a concern for many students while joining a college, especially the ones like IITs. While theavailability of education loans and scholarshipshas made education accessible but the terms and conditions need to become eligible for a student loan or a scholarship often stand as a barrier. Below is theIIT Bombay feefor all courses:
CheckIIT Bombay feefor other courses
Note:This information is sourced from official website/ sanctioning body and is subject to change.
IIT Bombay offers seats to most of the courses based on the entrance exam scores. In 2024,1,80,200 studentsappeared for JEE Advanced and only43,769qualified it. The number is huge in comparison to the intake at IIT Bombay for BTech course. There are a total of1204 seatsfor BTech and Integrated BTech courses. The total intake excludes152 seatsfor female supernumerary category. The availability of limited number of seats stands as a challenge for many aspirants. Below isIIT Bombay seat intakefor all courses:
Note:This information is sourced from official website/ sanctioning body and is subject to change.
IIT Bombay admission processis a multi-step process. Candidates are first required to register for a UG or PG programme. For courses such as BTech, MTech and MSc, candidates need to apply on the official website of exam conducting body. Check below the steps students must follow to get admission to IIT Bombay:
Step 1: IIT Bombay Application Process 2025
Students interested in getting admission to IIT Bombay can submit the online application form for course-specific entrance exam or college depending on the course they wish to get into.
Step 2: IIT Bombay University Selection Criteria & Release of Merit List
After completion of the registration process, applicants need to go through the course-based entrance exam followed by other selection rounds (if applicable). Candidates must score equal or aboveIIT Bombay cutoffin the accepted entrance exam for admission. After the selection rounds are completed, they need to go through the course-wise counselling process for final seat allocation. For BDes admission, aspirants need to pass UCEED exam. For PhD and MBA, merit lists are released on the official website (with the names of the shortlisted students). Besides, candidates must also fulfil the specific eligibility criteria for each course, including academic qualifications and entrance exam requirements.
Step 3: Participate in Counselling Process
For BTech, aspirants need to participate in JoSAA Counselling. For all other courses, candidates need to participate in the respective entrance-exam counselling for admission. Once the selection rounds are over, applicants who are selected can submit the admission charges and confirm their admission to the relevant course at IIT Bombay.
JEE Main is one of the competitive exams conducted at the national-level. You must start preparing from Class 11 to get enough time to understand the syllabus well. It is a national-level exam, which can be passed with a good base of concepts and preparation. A good preparation strategy is what helps a student clear the JEE Main 2025 exam. Some of the pointers to include in the action plan are mentioned below:
To secure admission into prestigious institutions such as the IITs, NITs and IIITs, the aspirants need to have a strong command of the material taught in their class 11 and class 12. Shiksha is offering free NCERT questions and solutions to aid JEE candidates in excelling in these classes. To access the NCERT solutions, click on the below links:
The first step is to clear JEE Main, however, the ultimate objective must be to qualify JEE Advanced exam, check out thepreparation strategy for JEE Advanced.
For more information about IIT Bombay check out the below video:
IIT Bombay admission to all the courses is entrance-based (Except for EMBA, where admission is merit-based and performance in the interview round). The IIT Bombay admission process includes the application process, selection round, cutoff, merit list or counselling and other steps. For BTech, candidates have to clearJEE MainandJEE Advanced. Further for other courses such as MTech, MBA, MSc, BDes, and MDes, aspirants need to clear GATE, CAT, IITJAM, UCEED, and CEED, respectively to qualify for further admission rounds.
Firstly, candidates need to secure a rank in nearly the top 2,00,000 (including all categories) students in JEE Main. Only these students get a chance to sit for JEE Advanced and become eligible for admission to IITs. In the JoSAA Counselling 2024, BTech CSE closing rank was68, followed by Electrical Engineering at496and was the lowest for BTech Metallurgical Engineering and Material Sciences at4193. For more BTech specialisations cutoff and closing rank details,click here.
Yes, there are many other courses for which the selection criteria are different and the prescribed entrance exam is also other than JEE-Main and JEE-Advanced. Below are some of the courses offered at IIT Bombay along with their eligibility criteria and entrance exam:
Admission to the institute after Class 12 is open for BTech, BS and BDes courses. After completing Class 12, candidates must qualify JEE Main, JEE Advanced followed by the JoSAA Counselling for BTech and BS courses. For BDes, UCEED score is required for admission.
IIT Bombay BTechis a four-year course divided into eight semesters. The course is offered in multiple specialisations such asAerospace,Mechanical,Civil Engineering, etc. Candidates are required to complete Class 12 with a minimum of 75% aggregate in PCM to apply for BTech programme. Candidates are shortlisted for BTech based on JEE Main followed by JEE Advanced. Selected aspirants are further required to participate in JoSAA Counselling. ROI is one of the reasons many opt for IITs.
A lot of students appear for JEE Main exam and only a few get selected for admission. The prime reason is the limited number of seats available for BTech course. In such case, you must have other options open. Below are other popular IITs one can opt forBTechadmission:
CheckIIT Bombay comparisonwith other popular institutes
IIT Bombay BTech admission is a multi-step process. Check below the steps students need to follow for getting admission to BTech course:
Step 1: IIT Bombay BTech Application Process 2025
BTech and BTech (Dual Degree) aspirants must fill out the application form for JEE (Main) through the official website of the National Testing Agency (NTA) (nta.ac.in).
Step 2: Entrance Exams
Candidates need to first qualify JEE Main followed by JEE Advanced. Aspirants qualifying both the entrance-exams are required to register for Counselling.
Step 3: JoSAA Counselling & Seat Allotment
Shortlisted candidates after registering for JoSAA Counselling are offered seat. The seat allotment is conducted after the release of cutoff.
For 2024, cut off was 2545 for General category candidates in All India quota for B.Tech. in Chemical Engineering in IIT Bombay - Indian Institute of Technology. For female candidates in general category under All India quota, 6650 was the closing rank. B.Tech cut off varies depending on the category and domicile/quota of the applicant.
Yes, IIT Bombay offers a four-year BTech in eight specialisations. Admission to these programmes is based on merit in JEE Advanced. Only the students who pass JEE main can take the advanced exam. The aspirants who furher meet the cutoff criteria can participate in JoSAA counselling.
All the BTech specialisations offered by IIT Bombay are enlisted below:
IIT Bombay offers a two-year MTech programme spread across four semesters. The course is offered for a duration of two years in 39 specialisations under 18 departments. Admission to the course is entrance-based. The technology institute accepts scores of the Graduate Aptitude Test in Engineering (GATE). Candidates who further get shortlisted need to take part in COAP counselling. Aspirants must complete a bachelor's degree with a minimum of 60% aggregate (55% aggregate for SC/ ST/ PwD category) to apply for MTech.
Download:IIT Bombay MTech Brochure 2025
The total tuition fee for the MTech course ranges between INR 1.2 lakh - INR 10 lakh. Additionally, the registration fee to submit the GATE application form for boys is INR 1,700, INR 850 for girls, and INR 850 for SC/ST/PwD category students. For any more details about the course fee and payment procedure, candidates can reach out to the IIT Bombay admission office. It must be noted that the mentioned fee amount is as per the official website/sanctioning body. It is still subject to change and hence, is indicative.
IIT Bombay offers two-year MTech courses in 39 specialisations under 18 departments. Admission to the course is based on scores in GATE followed by COAP counselling. In addition, to be eligible to take the entrance test, candidates must also meet the minimum eligibility criteria. Further, aspirants can apply for GATE online by visiting the official website. Aspirants who have not qualified GATE can get admission through written test conducted by the institute. The shortlisted candidates are further called for a personal interview round.
Yes, GATE score is required to get admission to IIT Bombay course. However, aspirants who have not qualified GATE can also get admission based on written test conducted by the institute. The shortlisted candidates are further called for a personal interview round. In order to be eligible to apply for the course, an aspirant must have a BE/ BTech/ BSc/ Bachelor of Architecture and Bachelor of Planning/ MSc/ MCA/ MBBS/ MPharm/ BPharm/ BDS/ degree recognised equivalent to BE/ BTech with a minimum of 60% aggregate (55% aggregate for SC/ ST/ PwD category) earned through Associate Membership Examinations conducted by recognised professional bodies to apply forMTechcourse.
IIT Bombay offers a two-year MSc course spread across four semesters. The course is offered in seven specialisations at the PG level. Admission to MSc is entrance-based followed by counselling. The Joint Admission Test (JAM) for MSc is a national-level examination conducted jointly by the Indian Institutes of Technology and the Indian Institute of Science. Aspirants must pass a bachelor's degree to apply for the MSc programme.
IIT Bombay MSc cutoff 2024 has been released for Round 1, wherein,M.Sc.+ in Applied Geologyis the most competitive specialsiation with a closing rank of16for the General AII India category students. The least competitive course isM.Sc.+ Ph.D. in Environmental Science and Engineeringwith a cutoff rank of643. So, candidates seeking admission to any of the MSc course must secure a rank upto 643 to be eligible for IIT Bombay.
IIT Bombay admissio to the MSc course is based on IIT JAM scores, followed by IIT JAM counselling process. Only candidates in the JAM 2024 Merit List based onJAM 2024 scorecardwill be eligible to apply for admission.
Yes, IIT Bombay offers MSc for two-years. The PG-level course is available in seven specialisations, including Chemistry, Biotechnology, Applied Geology, Applied Geophysics, Mathematics, Physics, Applied Statistics & Informatics. Moreover, the institute also offers MSc + PhD (dual degree) course in three specialisations including Environmental Science & Engineering, Operations Research, Energy Science & Engineering.
IIT Bombay offers admission to MSc course based on IIT JAM score followed by CCMN Counselling. The seat allotment is carried out based on document verification, seat intake, and category of the students, during the counselling. Besides, candidates with a valid bachelor’s degree issued by a recognised university are eligible for admission to the PG course.
IIT Bombay offers a two-yearMBAcourse spread across eight terms. The institute offers MBA through theShailesh J. Mehta School of Management (SJMSOM). Admission to the IIT Bombay MBA course is based on the CAT scores followed by a personal interview round. The applications for MBA usually open from the first week of January and close by the last week of January. Candidates who have passed bachelor's degree with at least 60% aggregate (55% aggregate in case of candidates belonging to SC/ ST/ PWD category) or a minimum CPI of 6.5 (6 in case of candidates belonging to SC/ ST/ PWD category) out of 10 are eligible to apply for MBA.
Download:IIT Bombay MBA Brochure 2025
MBA is one of the popular courses of IIT Bombay, offered through Shailesh J. Mehta School of Management. The institute has a good ranking in the Management category. Here are few parameters that will help candidates decide if IIT Bombay is a good option for pursuing an MBA:
IIT Bombay SJSOM MBA has total 152 seats. Candidates are offered seat based on CAT scores. Check below the category-wise intake for MBA:
Candidates must pass a bachelor's degree with at least 60% aggregate (55% aggregate in case of aspirants belonging to SC/ ST/ PwD category) or a minimum CPI of 6.5 (6 in case of aspirants belonging to SC/ ST/ PwD category) out of 10 to apply for IIT Bombay MBA.
Aspirants in the final year of the degree and those awaiting results can also apply. The applicant should have scored an aggregate of 60% (55% aggregate  in case of candidates belonging to SC/ ST/PWD category) or equivalent till the latest exam that has been completed and whose scores are available.
IIT Bombay offers an MDes course for a duration of two years spread across four semesters. The institute offers MDes through the Industrial Design Centre inIndustrial Design, Visual Communication, Animation, Mobility & Vehicle Design andInteraction Design. In general, the first two semesters in the first year comprise theory courses and learning/ instruction oriented projects, while the second year is more or less spent on design projects. Candidates who have completed graduation with at least 55% aggregate (50% aggregate for SC/ ST/ PwD) or equivalent grades can apply for MDes.
The total tuition fee for IIT Bombay MDes is INR 1 Lacs as per an unofficial source.Students belonging to SC/ ST/ PwD categoryor a child of institution staff areexemptedfrom paying the tuition fee. There is a concessional and a non-concessional fee for candidates belonging to General/ EWS/ OBC-NCL category. The concessional is offered on tuition fee. Candidates apart from the tuition fee are required to pay examination fee, medical fee, etc. Students not staying in hostel are exempted from the payment of hostel fee.
Apart from the course fee, candidates also have to pay a registration fee of INR 300 for General/ OBC Male and INR 150 for SC/ ST/ PwD and female candidates.
Yes, IIT Bombay conducts Common Entrance Exam for Design or CEED for admission to MDes programme. It is a national-level entrance exam conducted in online mode. It is a three-hour exam conducted once in a year. Candidates shortlisted based on CEED rank have to also appear for IDC written test conducted by the institute. The shortlisted aspirants are further require to come for an interview round for final selection.
IIT Bombay admission to MDes programme is entrance-based. Candidates have to follow the below steps to get a seat in the MDes programme:
Step 1:Candidates meeting the eligibility requirements have to pay an application fee to register for MDes course. The application fee for General/ OBC male is INR 300 and INR 150 for SC/ ST/ PwD and all female candidates.
Step 2:IIT Bombay selects candidates for MDes programme based on CEED score. After qualifying CEED, the institute releases a category-wise merit list for each stream. Shortlisted candidates have to appear for IDC written test followed by an interview round for final selection.
Step 3:Once the selection rounds are over, a final merit list is released. The shortlisted aspirants have to come for document verification and confirm their seat by paying the course fee.
IIT Bombay offers BDes or Bachelor of Design throughIDC School of Designat the UG level. It is a four-year programme spread across eight semesters. Admission to the BDes programme of IIT Bombay is based on UCEED score. Aspirants who have completed Class 12 are eligible to apply for the BDes programme.
IIT Bombay admission to BDes course includes various steps. Starting with registration to entrance exam, counselling and seat allotment. Before jumping to application, candidates must also check their eligibility. Any candidate who have completed Class 12 can apply for BDes course.
Step 1: Registration
Candidates need to apply online for BDes course with an application fee of INR 3,800 for open and INR 1,900 for reserved category. The common application form will be available through the IIT Bombay Admissions Portal.
Step 2: Selection
The selection to BDes course is based on UCEED rank. A merit list is prepared based on UCEED rank of the candidates.
Step 3: Counselling
Once shortlisted, candidates need to register for counselling. The seat are alloted based on the UCEED rank of the candidates. Aspirants must pay the fee to confirm their seat in the institute.
A minimum of Class 12 is required to apply for BDes course at IIT Bombay. Below is the detailed eligibility:
Yes, BDes is available at IIT Bombay. It is a four-year full-time course spread across eight semester. IIT Bombay offers BDes through IDC School of Design at the UG level. It also offers five-year integrated BDes + MDes programme spread across 10 semesters. The option of doing a dual degree, is available at the end of third year. Candidates who have completed Class 12 can apply for IIT Bombay BDes courses.
IIT Bombay offers a minimum of a three-year PhD course in 27 specialisations. Admission to PhD programmes is entrance-based. Candidates seeking admission must meet the minimum eligibility criteria.IIT Bombayaccepts applications for PhD courses in online mode. Aspirants must also complete a bachelor or masters or equivalent degree with a minimum of 60% aggregate (55% aggregate for SC/ ST/ PwD category) to apply for IIT Bombay PhD programme.
Download:IIT Bombay PhD Brochure 2025
GATE is one of the entrance exams for PhD admission. However, aspirants can also get admission in PhD based onCSIR NET/CEED/UGC NETor written test conducted by the institute. The shortlisted candidates are called for a personal interview round for final selection. Along with GATE score, candidates also need to fulfil the eligibiltiy requirements. Aspirants must complete Bachelor or Masters or equivalent degree in Engineering/ Technology or master's or equivalent degree in Science or Arts/ Commerce with a minimum of 60% aggregate (55% aggregate for SC/ ST/ PwD category) for PhD admission.
Candidates first need to fill out the application form. Aspirants who have completed Bachelor or Masters or equivalent degree in Engineering/ Technology or master's or equivalent degree in Science or Arts/ Commerce with a minimum of 60% aggregate (55% aggregate for SC/ ST/ PwD category) are eligible to apply for PhD course.The application fee for PhD is:
After filling out the application form, students are shortlisted based onGATE/CSIR NET/CEED/UGC NET/ Entrance Exam score. The shortlisted candidates are then further called for a personal interview round.
Yes, candidates who have completed a master's degree in a relevant discipline with at least 60% aggregate (55% aggregate for SC/ ST/ PwD category) can apply for a PhD course. The institute offers PhD in multiple specialisations, including Biosciences, Aerospace Engineering, Chemistry, Design, Earth Sciences, etc. To enrol for a PhD, the candidate must qualify for either GATE/ CSIR NET/ CEED/ UGC NET/ written test followed by an interview for admission to the PhD course. Furthermore, IIT Bombay is one of the few institutions in India that can offer a PMRF Fellowship to meritorious PhD candidates at the time of admission into thePhD programme. PMRF fellows get a monthly stipend of INR 70,000 along with an annual contingency grant of INR 2 Lakh.

ADMISSION HIGHLIGHTS:
Particulars | IIT Bombay Admission Highlights 2025
Mode of study | Full-time/ Offline
Programmes Offered | 86+ (including specialisations)
Admission status 2025 | Open
Fee Range | UG courses:INR 8 lakh - INR 20 lakhPG courses:INR 30,000 - INR 20 lakh
Return on Investment (ROI) | Total tuition fee:INR 8 lakh - INR 20 lakhAverage package:INR 13 lakh - INR 26.6 lakh
Notable Alumni | Bhavish Aggarwal (Co-founder of Ola Cabs)Mansoor Ali Khan (Film Director)Vipul Goyal (Stand-up Comedian)
How to apply? | BTech:jeemain.nta.ac.inMSc:https://jam.iitm.ac.in/For all other courses:https://www.iitb.ac.in/
Level of programmes offered | UG, PG & Doctoral
Popular programmes | BTech| MBA
Download | IIT Bombay MS by Research Brochure 2025IIT Bombay MBA Brochure 2025IIT Bombay MA + PhD Brochure 2025IIT Bombay MA by Research Brochure 2025"
3,IIT Bombay - Indian Institute of Technology,Salary : ₹ 17.92 Lakh,2India Today ' 23Not RankedTimes ' 24Not RankedOutlook ' 24,https://www.shiksha.com/university/iit-bombay-indian-institute-of-technology-mumbai-54212/courses,M.E./M.Tech,https://www.shiksha.com/university/iit-bombay-indian-institute-of-technology-mumbai-54212/courses/me-mtech-bc,Eligibility Criteria Accepted Exam GATE JEE Main JEE Advanced COAP + 3 more Graduation score 60% 10+2 score 75%,"IIT Bombay MTech programme is offered for two years in 39 specialisations under 18 departments. Admission to the course is entrance-based. The technology institute accepts scores of the Graduate Aptitude Test in Engineering (GATE). Some of the specialisations offered under the MTech course are Computer Science & Engineering , Electronic Systems, Biomedical Engineering , etc. Candidates who further get shortlisted need to take part in COAP counselling. It is necessary that each aspirant clear the entrance test with a valid rank. Moreover, the application process is online (iitb.ac.in) for the IIT Bombay MTech course . An integrated course of BTech+ MTech and MTech + PhD is also offered by the institute. Candidates applying for an MTech course at IIT Bombay must meet the course-specific eligibility requirements. As only clearing the entrance exam is not enough. The table given below carries fee, eligibility and selection details: Course Eligibility & Selection MTech (Common for all specialisations) Eligibility : Candidates must have a BE/ BTech/ BSc/ Bachelor of Architecture and Bachelor of Planning/ MSc/ MCA/ MBBS/ MPharm/ BPharm/ BDS/ degree recognised equivalent to BE/ BTech with a minimum of 60% aggregate (55% aggregate for SC/ ST/ PwD category) earned through Associate Membership Examinations conducted by recognised professional bodies to apply for MTech course. Selection : GATE + COAP Counselling Download Read more: IIT Bombay MTech + PhD Admission IIT Bombay MTech Fees 2025 The fee for the IIT Bombay courses is inclusive of various components, such as caution deposit, tuition fee, hostel fee, and more. IIT Bombay MTech tuition fees range between INR 1.2 lakh and INR 10 lakh . This fee range includes fees for the integrated courses as well. Also, the fee amount is as per the official website/sanctioning body. It is still subject to change. Hence, is indicative. Check out the below video to know more about MTech offered by IIT Bombay: Read more","IIT Bombay M.E./M.Tech What’s new? The GATE COAP 2025 registration is open for the IIT Bombay ME/ MTech courses , and the deadline is May 15, 2025 . Further, the GATE COAP 2025 round 1 window to view offers and take a decision will be opened on May 17, 2025 (10 AM).","If getting into IIT Bombay is your goal then, you must have the right approach.IIT Bombay admission 2025is both merit and entrance-based.BTechbeing theflagship courseattracts the attention of most of the aspirants. In 2025,more than 12 lakh studentsappeared for session 1 of JEE Main just to get into IITs. To get into top IITs likeIIT Bombayrequires a great deal of effort. Since, admission to BTech is based onJEE Mainfollowed byJEE Advanced, the right preparation strategy is the key. JEE Main is a highly competitive exam, students must start preparing in advance to ensure they get into a top college.
Admission to all otherIIT Bombay courses, namely MTech, MSc, etc. are also entrance-based. The institute offers over 86 courses at UG, PG, and PhD levels in the streams of Technology, Science, and Management. Besides, IIT Bombay also offers short-term certificate online courses like Object-oriented Programming, Programming Basics, etc.
Check out the completeIIT Bombay admission processfor BTech below:
IIT Bombay admissionsare entrance-based for UG and PG courses. IIT Bombay is recognised for itsBTechcourse. Hence, getting into this course can be challenging for many. Talking about IIT Bombay Rankings, it has been ranked at'1'under the'Innovation'Category in NIRF 2024 rankings. This is a newly introduced Engineering category of NIRF. The institute offers courses in full-time mode at UG, PG and doctoral levels. Check below key highlights related toIIT Bombay course admission:
Particulars
IIT Bombay Admission Highlights 2025
Mode of study
Programmes Offered
Admission status 2025
Open
Fee Range
UG courses:INR 8 lakh - INR 20 lakh
PG courses:INR 30,000 - INR 20 lakh
Return on Investment (ROI)
Total tuition fee:INR 8 lakh - INR 20 lakh
Average package:INR 13 lakh - INR 26.6 lakh
Notable Alumni
Bhavish Aggarwal (Co-founder of Ola Cabs)
Mansoor Ali Khan (Film Director)
Vipul Goyal (Stand-up Comedian)
How to apply?
BTech:jeemain.nta.ac.in
MSc:https://jam.iitm.ac.in/
For all other courses:https://www.iitb.ac.in/
Level of programmes offered
Popular programmes
Download
IIT Bombay MS by Research Brochure 2025
IIT Bombay MBA Brochure 2025
IIT Bombay MA + PhD Brochure 2025
IIT Bombay MA by Research Brochure 2025
Indian Institute of Technology Bombay admissionopens with registration for the accepted entrance exam. The institute accepts JEE Main and JEE Advanced for flagship programme i.e. BTech. You must pass Class 12 to apply for BTech. One must fulfil the criteria set for the course of their choice. The basic eligibility to apply for UG courses is Class 12 whereas graduation is required for PG programmes. Check below topIIT Mumbai coursesalong with their eligibility and selection criteria:
Class 12 with a minimum of 75% aggregate inPhysics, Chemistry andMathematics
JEE Main+JEE Advanced+JoSAACounselling
Class 12 with a minimum of 75% aggregate in Physics,Chemistryand Mathematics
JEE Main + JEE Advanced + JoSAA Counselling
Bachelor’s degree or a Master’s degree with at least 60% marks (55% in case of candidates belonging to SC/ST/PWD category)
CAT+ Class 12/ graduation performance, postgraduate/ professionals + work experience + PI
Bachelor's degree with a minimum of 60% aggregate (55% aggregate for SC/ ST/ PwD category)
GATE+COAPCounselling
Bachelor's degree
IIT JAM+CCMNcounselling
Bachelor or masters or equivalent degree with a minimum of 60% aggregate (55% aggregate for SC/ ST/ PwD category)
GATE/CSIR NET/CEED/UGC NET/ Entrance Exam + PI
Graduation with at least 55% aggregate (50% aggregate for SC/ ST/ PwD) or equivalent grades in the qualifying degree for individual streams
CEED+ IDC Written Test + Interview
Class 12 or equivalent
UCEED
Click here for otherIIT Mumbai courses
IIT Bombay feesis a sum of multiple components. Out of the total fee, some are one-time paid while others are paid semester-wise. Caution deposit is a refundable amount that is returned to the students after completion of the degree. Fee is a concern for many students while joining a college, especially the ones like IITs. While theavailability of education loans and scholarshipshas made education accessible but the terms and conditions need to become eligible for a student loan or a scholarship often stand as a barrier. Below is theIIT Bombay feefor all courses:
CheckIIT Bombay feefor other courses
Note:This information is sourced from official website/ sanctioning body and is subject to change.
IIT Bombay offers seats to most of the courses based on the entrance exam scores. In 2024,1,80,200 studentsappeared for JEE Advanced and only43,769qualified it. The number is huge in comparison to the intake at IIT Bombay for BTech course. There are a total of1204 seatsfor BTech and Integrated BTech courses. The total intake excludes152 seatsfor female supernumerary category. The availability of limited number of seats stands as a challenge for many aspirants. Below isIIT Bombay seat intakefor all courses:
Note:This information is sourced from official website/ sanctioning body and is subject to change.
IIT Bombay admission processis a multi-step process. Candidates are first required to register for a UG or PG programme. For courses such as BTech, MTech and MSc, candidates need to apply on the official website of exam conducting body. Check below the steps students must follow to get admission to IIT Bombay:
Step 1: IIT Bombay Application Process 2025
Students interested in getting admission to IIT Bombay can submit the online application form for course-specific entrance exam or college depending on the course they wish to get into.
Step 2: IIT Bombay University Selection Criteria & Release of Merit List
After completion of the registration process, applicants need to go through the course-based entrance exam followed by other selection rounds (if applicable). Candidates must score equal or aboveIIT Bombay cutoffin the accepted entrance exam for admission. After the selection rounds are completed, they need to go through the course-wise counselling process for final seat allocation. For BDes admission, aspirants need to pass UCEED exam. For PhD and MBA, merit lists are released on the official website (with the names of the shortlisted students). Besides, candidates must also fulfil the specific eligibility criteria for each course, including academic qualifications and entrance exam requirements.
Step 3: Participate in Counselling Process
For BTech, aspirants need to participate in JoSAA Counselling. For all other courses, candidates need to participate in the respective entrance-exam counselling for admission. Once the selection rounds are over, applicants who are selected can submit the admission charges and confirm their admission to the relevant course at IIT Bombay.
JEE Main is one of the competitive exams conducted at the national-level. You must start preparing from Class 11 to get enough time to understand the syllabus well. It is a national-level exam, which can be passed with a good base of concepts and preparation. A good preparation strategy is what helps a student clear the JEE Main 2025 exam. Some of the pointers to include in the action plan are mentioned below:
To secure admission into prestigious institutions such as the IITs, NITs and IIITs, the aspirants need to have a strong command of the material taught in their class 11 and class 12. Shiksha is offering free NCERT questions and solutions to aid JEE candidates in excelling in these classes. To access the NCERT solutions, click on the below links:
The first step is to clear JEE Main, however, the ultimate objective must be to qualify JEE Advanced exam, check out thepreparation strategy for JEE Advanced.
For more information about IIT Bombay check out the below video:
IIT Bombay admission to all the courses is entrance-based (Except for EMBA, where admission is merit-based and performance in the interview round). The IIT Bombay admission process includes the application process, selection round, cutoff, merit list or counselling and other steps. For BTech, candidates have to clearJEE MainandJEE Advanced. Further for other courses such as MTech, MBA, MSc, BDes, and MDes, aspirants need to clear GATE, CAT, IITJAM, UCEED, and CEED, respectively to qualify for further admission rounds.
Firstly, candidates need to secure a rank in nearly the top 2,00,000 (including all categories) students in JEE Main. Only these students get a chance to sit for JEE Advanced and become eligible for admission to IITs. In the JoSAA Counselling 2024, BTech CSE closing rank was68, followed by Electrical Engineering at496and was the lowest for BTech Metallurgical Engineering and Material Sciences at4193. For more BTech specialisations cutoff and closing rank details,click here.
Yes, there are many other courses for which the selection criteria are different and the prescribed entrance exam is also other than JEE-Main and JEE-Advanced. Below are some of the courses offered at IIT Bombay along with their eligibility criteria and entrance exam:
Admission to the institute after Class 12 is open for BTech, BS and BDes courses. After completing Class 12, candidates must qualify JEE Main, JEE Advanced followed by the JoSAA Counselling for BTech and BS courses. For BDes, UCEED score is required for admission.
IIT Bombay BTechis a four-year course divided into eight semesters. The course is offered in multiple specialisations such asAerospace,Mechanical,Civil Engineering, etc. Candidates are required to complete Class 12 with a minimum of 75% aggregate in PCM to apply for BTech programme. Candidates are shortlisted for BTech based on JEE Main followed by JEE Advanced. Selected aspirants are further required to participate in JoSAA Counselling. ROI is one of the reasons many opt for IITs.
A lot of students appear for JEE Main exam and only a few get selected for admission. The prime reason is the limited number of seats available for BTech course. In such case, you must have other options open. Below are other popular IITs one can opt forBTechadmission:
CheckIIT Bombay comparisonwith other popular institutes
IIT Bombay BTech admission is a multi-step process. Check below the steps students need to follow for getting admission to BTech course:
Step 1: IIT Bombay BTech Application Process 2025
BTech and BTech (Dual Degree) aspirants must fill out the application form for JEE (Main) through the official website of the National Testing Agency (NTA) (nta.ac.in).
Step 2: Entrance Exams
Candidates need to first qualify JEE Main followed by JEE Advanced. Aspirants qualifying both the entrance-exams are required to register for Counselling.
Step 3: JoSAA Counselling & Seat Allotment
Shortlisted candidates after registering for JoSAA Counselling are offered seat. The seat allotment is conducted after the release of cutoff.
For 2024, cut off was 2545 for General category candidates in All India quota for B.Tech. in Chemical Engineering in IIT Bombay - Indian Institute of Technology. For female candidates in general category under All India quota, 6650 was the closing rank. B.Tech cut off varies depending on the category and domicile/quota of the applicant.
Yes, IIT Bombay offers a four-year BTech in eight specialisations. Admission to these programmes is based on merit in JEE Advanced. Only the students who pass JEE main can take the advanced exam. The aspirants who furher meet the cutoff criteria can participate in JoSAA counselling.
All the BTech specialisations offered by IIT Bombay are enlisted below:
IIT Bombay offers a two-year MTech programme spread across four semesters. The course is offered for a duration of two years in 39 specialisations under 18 departments. Admission to the course is entrance-based. The technology institute accepts scores of the Graduate Aptitude Test in Engineering (GATE). Candidates who further get shortlisted need to take part in COAP counselling. Aspirants must complete a bachelor's degree with a minimum of 60% aggregate (55% aggregate for SC/ ST/ PwD category) to apply for MTech.
Download:IIT Bombay MTech Brochure 2025
The total tuition fee for the MTech course ranges between INR 1.2 lakh - INR 10 lakh. Additionally, the registration fee to submit the GATE application form for boys is INR 1,700, INR 850 for girls, and INR 850 for SC/ST/PwD category students. For any more details about the course fee and payment procedure, candidates can reach out to the IIT Bombay admission office. It must be noted that the mentioned fee amount is as per the official website/sanctioning body. It is still subject to change and hence, is indicative.
IIT Bombay offers two-year MTech courses in 39 specialisations under 18 departments. Admission to the course is based on scores in GATE followed by COAP counselling. In addition, to be eligible to take the entrance test, candidates must also meet the minimum eligibility criteria. Further, aspirants can apply for GATE online by visiting the official website. Aspirants who have not qualified GATE can get admission through written test conducted by the institute. The shortlisted candidates are further called for a personal interview round.
Yes, GATE score is required to get admission to IIT Bombay course. However, aspirants who have not qualified GATE can also get admission based on written test conducted by the institute. The shortlisted candidates are further called for a personal interview round. In order to be eligible to apply for the course, an aspirant must have a BE/ BTech/ BSc/ Bachelor of Architecture and Bachelor of Planning/ MSc/ MCA/ MBBS/ MPharm/ BPharm/ BDS/ degree recognised equivalent to BE/ BTech with a minimum of 60% aggregate (55% aggregate for SC/ ST/ PwD category) earned through Associate Membership Examinations conducted by recognised professional bodies to apply forMTechcourse.
IIT Bombay offers a two-year MSc course spread across four semesters. The course is offered in seven specialisations at the PG level. Admission to MSc is entrance-based followed by counselling. The Joint Admission Test (JAM) for MSc is a national-level examination conducted jointly by the Indian Institutes of Technology and the Indian Institute of Science. Aspirants must pass a bachelor's degree to apply for the MSc programme.
IIT Bombay MSc cutoff 2024 has been released for Round 1, wherein,M.Sc.+ in Applied Geologyis the most competitive specialsiation with a closing rank of16for the General AII India category students. The least competitive course isM.Sc.+ Ph.D. in Environmental Science and Engineeringwith a cutoff rank of643. So, candidates seeking admission to any of the MSc course must secure a rank upto 643 to be eligible for IIT Bombay.
IIT Bombay admissio to the MSc course is based on IIT JAM scores, followed by IIT JAM counselling process. Only candidates in the JAM 2024 Merit List based onJAM 2024 scorecardwill be eligible to apply for admission.
Yes, IIT Bombay offers MSc for two-years. The PG-level course is available in seven specialisations, including Chemistry, Biotechnology, Applied Geology, Applied Geophysics, Mathematics, Physics, Applied Statistics & Informatics. Moreover, the institute also offers MSc + PhD (dual degree) course in three specialisations including Environmental Science & Engineering, Operations Research, Energy Science & Engineering.
IIT Bombay offers admission to MSc course based on IIT JAM score followed by CCMN Counselling. The seat allotment is carried out based on document verification, seat intake, and category of the students, during the counselling. Besides, candidates with a valid bachelor’s degree issued by a recognised university are eligible for admission to the PG course.
IIT Bombay offers a two-yearMBAcourse spread across eight terms. The institute offers MBA through theShailesh J. Mehta School of Management (SJMSOM). Admission to the IIT Bombay MBA course is based on the CAT scores followed by a personal interview round. The applications for MBA usually open from the first week of January and close by the last week of January. Candidates who have passed bachelor's degree with at least 60% aggregate (55% aggregate in case of candidates belonging to SC/ ST/ PWD category) or a minimum CPI of 6.5 (6 in case of candidates belonging to SC/ ST/ PWD category) out of 10 are eligible to apply for MBA.
Download:IIT Bombay MBA Brochure 2025
MBA is one of the popular courses of IIT Bombay, offered through Shailesh J. Mehta School of Management. The institute has a good ranking in the Management category. Here are few parameters that will help candidates decide if IIT Bombay is a good option for pursuing an MBA:
IIT Bombay SJSOM MBA has total 152 seats. Candidates are offered seat based on CAT scores. Check below the category-wise intake for MBA:
Candidates must pass a bachelor's degree with at least 60% aggregate (55% aggregate in case of aspirants belonging to SC/ ST/ PwD category) or a minimum CPI of 6.5 (6 in case of aspirants belonging to SC/ ST/ PwD category) out of 10 to apply for IIT Bombay MBA.
Aspirants in the final year of the degree and those awaiting results can also apply. The applicant should have scored an aggregate of 60% (55% aggregate  in case of candidates belonging to SC/ ST/PWD category) or equivalent till the latest exam that has been completed and whose scores are available.
IIT Bombay offers an MDes course for a duration of two years spread across four semesters. The institute offers MDes through the Industrial Design Centre inIndustrial Design, Visual Communication, Animation, Mobility & Vehicle Design andInteraction Design. In general, the first two semesters in the first year comprise theory courses and learning/ instruction oriented projects, while the second year is more or less spent on design projects. Candidates who have completed graduation with at least 55% aggregate (50% aggregate for SC/ ST/ PwD) or equivalent grades can apply for MDes.
The total tuition fee for IIT Bombay MDes is INR 1 Lacs as per an unofficial source.Students belonging to SC/ ST/ PwD categoryor a child of institution staff areexemptedfrom paying the tuition fee. There is a concessional and a non-concessional fee for candidates belonging to General/ EWS/ OBC-NCL category. The concessional is offered on tuition fee. Candidates apart from the tuition fee are required to pay examination fee, medical fee, etc. Students not staying in hostel are exempted from the payment of hostel fee.
Apart from the course fee, candidates also have to pay a registration fee of INR 300 for General/ OBC Male and INR 150 for SC/ ST/ PwD and female candidates.
Yes, IIT Bombay conducts Common Entrance Exam for Design or CEED for admission to MDes programme. It is a national-level entrance exam conducted in online mode. It is a three-hour exam conducted once in a year. Candidates shortlisted based on CEED rank have to also appear for IDC written test conducted by the institute. The shortlisted aspirants are further require to come for an interview round for final selection.
IIT Bombay admission to MDes programme is entrance-based. Candidates have to follow the below steps to get a seat in the MDes programme:
Step 1:Candidates meeting the eligibility requirements have to pay an application fee to register for MDes course. The application fee for General/ OBC male is INR 300 and INR 150 for SC/ ST/ PwD and all female candidates.
Step 2:IIT Bombay selects candidates for MDes programme based on CEED score. After qualifying CEED, the institute releases a category-wise merit list for each stream. Shortlisted candidates have to appear for IDC written test followed by an interview round for final selection.
Step 3:Once the selection rounds are over, a final merit list is released. The shortlisted aspirants have to come for document verification and confirm their seat by paying the course fee.
IIT Bombay offers BDes or Bachelor of Design throughIDC School of Designat the UG level. It is a four-year programme spread across eight semesters. Admission to the BDes programme of IIT Bombay is based on UCEED score. Aspirants who have completed Class 12 are eligible to apply for the BDes programme.
IIT Bombay admission to BDes course includes various steps. Starting with registration to entrance exam, counselling and seat allotment. Before jumping to application, candidates must also check their eligibility. Any candidate who have completed Class 12 can apply for BDes course.
Step 1: Registration
Candidates need to apply online for BDes course with an application fee of INR 3,800 for open and INR 1,900 for reserved category. The common application form will be available through the IIT Bombay Admissions Portal.
Step 2: Selection
The selection to BDes course is based on UCEED rank. A merit list is prepared based on UCEED rank of the candidates.
Step 3: Counselling
Once shortlisted, candidates need to register for counselling. The seat are alloted based on the UCEED rank of the candidates. Aspirants must pay the fee to confirm their seat in the institute.
A minimum of Class 12 is required to apply for BDes course at IIT Bombay. Below is the detailed eligibility:
Yes, BDes is available at IIT Bombay. It is a four-year full-time course spread across eight semester. IIT Bombay offers BDes through IDC School of Design at the UG level. It also offers five-year integrated BDes + MDes programme spread across 10 semesters. The option of doing a dual degree, is available at the end of third year. Candidates who have completed Class 12 can apply for IIT Bombay BDes courses.
IIT Bombay offers a minimum of a three-year PhD course in 27 specialisations. Admission to PhD programmes is entrance-based. Candidates seeking admission must meet the minimum eligibility criteria.IIT Bombayaccepts applications for PhD courses in online mode. Aspirants must also complete a bachelor or masters or equivalent degree with a minimum of 60% aggregate (55% aggregate for SC/ ST/ PwD category) to apply for IIT Bombay PhD programme.
Download:IIT Bombay PhD Brochure 2025
GATE is one of the entrance exams for PhD admission. However, aspirants can also get admission in PhD based onCSIR NET/CEED/UGC NETor written test conducted by the institute. The shortlisted candidates are called for a personal interview round for final selection. Along with GATE score, candidates also need to fulfil the eligibiltiy requirements. Aspirants must complete Bachelor or Masters or equivalent degree in Engineering/ Technology or master's or equivalent degree in Science or Arts/ Commerce with a minimum of 60% aggregate (55% aggregate for SC/ ST/ PwD category) for PhD admission.
Candidates first need to fill out the application form. Aspirants who have completed Bachelor or Masters or equivalent degree in Engineering/ Technology or master's or equivalent degree in Science or Arts/ Commerce with a minimum of 60% aggregate (55% aggregate for SC/ ST/ PwD category) are eligible to apply for PhD course.The application fee for PhD is:
After filling out the application form, students are shortlisted based onGATE/CSIR NET/CEED/UGC NET/ Entrance Exam score. The shortlisted candidates are then further called for a personal interview round.
Yes, candidates who have completed a master's degree in a relevant discipline with at least 60% aggregate (55% aggregate for SC/ ST/ PwD category) can apply for a PhD course. The institute offers PhD in multiple specialisations, including Biosciences, Aerospace Engineering, Chemistry, Design, Earth Sciences, etc. To enrol for a PhD, the candidate must qualify for either GATE/ CSIR NET/ CEED/ UGC NET/ written test followed by an interview for admission to the PhD course. Furthermore, IIT Bombay is one of the few institutions in India that can offer a PMRF Fellowship to meritorious PhD candidates at the time of admission into thePhD programme. PMRF fellows get a monthly stipend of INR 70,000 along with an annual contingency grant of INR 2 Lakh.

ADMISSION HIGHLIGHTS:
Particulars | IIT Bombay Admission Highlights 2025
Mode of study | Full-time/ Offline
Programmes Offered | 86+ (including specialisations)
Admission status 2025 | Open
Fee Range | UG courses:INR 8 lakh - INR 20 lakhPG courses:INR 30,000 - INR 20 lakh
Return on Investment (ROI) | Total tuition fee:INR 8 lakh - INR 20 lakhAverage package:INR 13 lakh - INR 26.6 lakh
Notable Alumni | Bhavish Aggarwal (Co-founder of Ola Cabs)Mansoor Ali Khan (Film Director)Vipul Goyal (Stand-up Comedian)
How to apply? | BTech:jeemain.nta.ac.inMSc:https://jam.iitm.ac.in/For all other courses:https://www.iitb.ac.in/
Level of programmes offered | UG, PG & Doctoral
Popular programmes | BTech| MBA
Download | IIT Bombay MS by Research Brochure 2025IIT Bombay MBA Brochure 2025IIT Bombay MA + PhD Brochure 2025IIT Bombay MA by Research Brochure 2025"
3,IIT Bombay - Indian Institute of Technology,Salary : ₹ 17.92 Lakh,2India Today ' 23Not RankedTimes ' 24Not RankedOutlook ' 24,https://www.shiksha.com/university/iit-bombay-indian-institute-of-technology-mumbai-54212/courses,M.Sc.,https://www.shiksha.com/university/iit-bombay-indian-institute-of-technology-mumbai-54212/courses/msc-bc,Eligibility Criteria Accepted Exam IIT JAM,IIT Bombay offer a two-year MSc course at the PG level. The programme is offered in seven specialisations. Admission to MSc is entrance-based followed by counselling. The Joint Admission Test (JAM) for MSc is a national-level examination conducted jointly by the Indian Institutes of Technology and the Indian Institute of Science. Interested candidates with a valid rank can fill out the IIT Bombay application form to apply.,"IIT Bombay M.Sc. What’s new? The IIT JAM Counselling 2025 invalid category candidates list for the MSc course will be displayed on May 8, 2025 . Further, the IIT JAM 2025 first admission list will be released tentatively on May 26, 2025.","If getting into IIT Bombay is your goal then, you must have the right approach.IIT Bombay admission 2025is both merit and entrance-based.BTechbeing theflagship courseattracts the attention of most of the aspirants. In 2025,more than 12 lakh studentsappeared for session 1 of JEE Main just to get into IITs. To get into top IITs likeIIT Bombayrequires a great deal of effort. Since, admission to BTech is based onJEE Mainfollowed byJEE Advanced, the right preparation strategy is the key. JEE Main is a highly competitive exam, students must start preparing in advance to ensure they get into a top college.
Admission to all otherIIT Bombay courses, namely MTech, MSc, etc. are also entrance-based. The institute offers over 86 courses at UG, PG, and PhD levels in the streams of Technology, Science, and Management. Besides, IIT Bombay also offers short-term certificate online courses like Object-oriented Programming, Programming Basics, etc.
Check out the completeIIT Bombay admission processfor BTech below:
IIT Bombay admissionsare entrance-based for UG and PG courses. IIT Bombay is recognised for itsBTechcourse. Hence, getting into this course can be challenging for many. Talking about IIT Bombay Rankings, it has been ranked at'1'under the'Innovation'Category in NIRF 2024 rankings. This is a newly introduced Engineering category of NIRF. The institute offers courses in full-time mode at UG, PG and doctoral levels. Check below key highlights related toIIT Bombay course admission:
Particulars
IIT Bombay Admission Highlights 2025
Mode of study
Programmes Offered
Admission status 2025
Open
Fee Range
UG courses:INR 8 lakh - INR 20 lakh
PG courses:INR 30,000 - INR 20 lakh
Return on Investment (ROI)
Total tuition fee:INR 8 lakh - INR 20 lakh
Average package:INR 13 lakh - INR 26.6 lakh
Notable Alumni
Bhavish Aggarwal (Co-founder of Ola Cabs)
Mansoor Ali Khan (Film Director)
Vipul Goyal (Stand-up Comedian)
How to apply?
BTech:jeemain.nta.ac.in
MSc:https://jam.iitm.ac.in/
For all other courses:https://www.iitb.ac.in/
Level of programmes offered
Popular programmes
Download
IIT Bombay MS by Research Brochure 2025
IIT Bombay MBA Brochure 2025
IIT Bombay MA + PhD Brochure 2025
IIT Bombay MA by Research Brochure 2025
Indian Institute of Technology Bombay admissionopens with registration for the accepted entrance exam. The institute accepts JEE Main and JEE Advanced for flagship programme i.e. BTech. You must pass Class 12 to apply for BTech. One must fulfil the criteria set for the course of their choice. The basic eligibility to apply for UG courses is Class 12 whereas graduation is required for PG programmes. Check below topIIT Mumbai coursesalong with their eligibility and selection criteria:
Class 12 with a minimum of 75% aggregate inPhysics, Chemistry andMathematics
JEE Main+JEE Advanced+JoSAACounselling
Class 12 with a minimum of 75% aggregate in Physics,Chemistryand Mathematics
JEE Main + JEE Advanced + JoSAA Counselling
Bachelor’s degree or a Master’s degree with at least 60% marks (55% in case of candidates belonging to SC/ST/PWD category)
CAT+ Class 12/ graduation performance, postgraduate/ professionals + work experience + PI
Bachelor's degree with a minimum of 60% aggregate (55% aggregate for SC/ ST/ PwD category)
GATE+COAPCounselling
Bachelor's degree
IIT JAM+CCMNcounselling
Bachelor or masters or equivalent degree with a minimum of 60% aggregate (55% aggregate for SC/ ST/ PwD category)
GATE/CSIR NET/CEED/UGC NET/ Entrance Exam + PI
Graduation with at least 55% aggregate (50% aggregate for SC/ ST/ PwD) or equivalent grades in the qualifying degree for individual streams
CEED+ IDC Written Test + Interview
Class 12 or equivalent
UCEED
Click here for otherIIT Mumbai courses
IIT Bombay feesis a sum of multiple components. Out of the total fee, some are one-time paid while others are paid semester-wise. Caution deposit is a refundable amount that is returned to the students after completion of the degree. Fee is a concern for many students while joining a college, especially the ones like IITs. While theavailability of education loans and scholarshipshas made education accessible but the terms and conditions need to become eligible for a student loan or a scholarship often stand as a barrier. Below is theIIT Bombay feefor all courses:
CheckIIT Bombay feefor other courses
Note:This information is sourced from official website/ sanctioning body and is subject to change.
IIT Bombay offers seats to most of the courses based on the entrance exam scores. In 2024,1,80,200 studentsappeared for JEE Advanced and only43,769qualified it. The number is huge in comparison to the intake at IIT Bombay for BTech course. There are a total of1204 seatsfor BTech and Integrated BTech courses. The total intake excludes152 seatsfor female supernumerary category. The availability of limited number of seats stands as a challenge for many aspirants. Below isIIT Bombay seat intakefor all courses:
Note:This information is sourced from official website/ sanctioning body and is subject to change.
IIT Bombay admission processis a multi-step process. Candidates are first required to register for a UG or PG programme. For courses such as BTech, MTech and MSc, candidates need to apply on the official website of exam conducting body. Check below the steps students must follow to get admission to IIT Bombay:
Step 1: IIT Bombay Application Process 2025
Students interested in getting admission to IIT Bombay can submit the online application form for course-specific entrance exam or college depending on the course they wish to get into.
Step 2: IIT Bombay University Selection Criteria & Release of Merit List
After completion of the registration process, applicants need to go through the course-based entrance exam followed by other selection rounds (if applicable). Candidates must score equal or aboveIIT Bombay cutoffin the accepted entrance exam for admission. After the selection rounds are completed, they need to go through the course-wise counselling process for final seat allocation. For BDes admission, aspirants need to pass UCEED exam. For PhD and MBA, merit lists are released on the official website (with the names of the shortlisted students). Besides, candidates must also fulfil the specific eligibility criteria for each course, including academic qualifications and entrance exam requirements.
Step 3: Participate in Counselling Process
For BTech, aspirants need to participate in JoSAA Counselling. For all other courses, candidates need to participate in the respective entrance-exam counselling for admission. Once the selection rounds are over, applicants who are selected can submit the admission charges and confirm their admission to the relevant course at IIT Bombay.
JEE Main is one of the competitive exams conducted at the national-level. You must start preparing from Class 11 to get enough time to understand the syllabus well. It is a national-level exam, which can be passed with a good base of concepts and preparation. A good preparation strategy is what helps a student clear the JEE Main 2025 exam. Some of the pointers to include in the action plan are mentioned below:
To secure admission into prestigious institutions such as the IITs, NITs and IIITs, the aspirants need to have a strong command of the material taught in their class 11 and class 12. Shiksha is offering free NCERT questions and solutions to aid JEE candidates in excelling in these classes. To access the NCERT solutions, click on the below links:
The first step is to clear JEE Main, however, the ultimate objective must be to qualify JEE Advanced exam, check out thepreparation strategy for JEE Advanced.
For more information about IIT Bombay check out the below video:
IIT Bombay admission to all the courses is entrance-based (Except for EMBA, where admission is merit-based and performance in the interview round). The IIT Bombay admission process includes the application process, selection round, cutoff, merit list or counselling and other steps. For BTech, candidates have to clearJEE MainandJEE Advanced. Further for other courses such as MTech, MBA, MSc, BDes, and MDes, aspirants need to clear GATE, CAT, IITJAM, UCEED, and CEED, respectively to qualify for further admission rounds.
Firstly, candidates need to secure a rank in nearly the top 2,00,000 (including all categories) students in JEE Main. Only these students get a chance to sit for JEE Advanced and become eligible for admission to IITs. In the JoSAA Counselling 2024, BTech CSE closing rank was68, followed by Electrical Engineering at496and was the lowest for BTech Metallurgical Engineering and Material Sciences at4193. For more BTech specialisations cutoff and closing rank details,click here.
Yes, there are many other courses for which the selection criteria are different and the prescribed entrance exam is also other than JEE-Main and JEE-Advanced. Below are some of the courses offered at IIT Bombay along with their eligibility criteria and entrance exam:
Admission to the institute after Class 12 is open for BTech, BS and BDes courses. After completing Class 12, candidates must qualify JEE Main, JEE Advanced followed by the JoSAA Counselling for BTech and BS courses. For BDes, UCEED score is required for admission.
IIT Bombay BTechis a four-year course divided into eight semesters. The course is offered in multiple specialisations such asAerospace,Mechanical,Civil Engineering, etc. Candidates are required to complete Class 12 with a minimum of 75% aggregate in PCM to apply for BTech programme. Candidates are shortlisted for BTech based on JEE Main followed by JEE Advanced. Selected aspirants are further required to participate in JoSAA Counselling. ROI is one of the reasons many opt for IITs.
A lot of students appear for JEE Main exam and only a few get selected for admission. The prime reason is the limited number of seats available for BTech course. In such case, you must have other options open. Below are other popular IITs one can opt forBTechadmission:
CheckIIT Bombay comparisonwith other popular institutes
IIT Bombay BTech admission is a multi-step process. Check below the steps students need to follow for getting admission to BTech course:
Step 1: IIT Bombay BTech Application Process 2025
BTech and BTech (Dual Degree) aspirants must fill out the application form for JEE (Main) through the official website of the National Testing Agency (NTA) (nta.ac.in).
Step 2: Entrance Exams
Candidates need to first qualify JEE Main followed by JEE Advanced. Aspirants qualifying both the entrance-exams are required to register for Counselling.
Step 3: JoSAA Counselling & Seat Allotment
Shortlisted candidates after registering for JoSAA Counselling are offered seat. The seat allotment is conducted after the release of cutoff.
For 2024, cut off was 2545 for General category candidates in All India quota for B.Tech. in Chemical Engineering in IIT Bombay - Indian Institute of Technology. For female candidates in general category under All India quota, 6650 was the closing rank. B.Tech cut off varies depending on the category and domicile/quota of the applicant.
Yes, IIT Bombay offers a four-year BTech in eight specialisations. Admission to these programmes is based on merit in JEE Advanced. Only the students who pass JEE main can take the advanced exam. The aspirants who furher meet the cutoff criteria can participate in JoSAA counselling.
All the BTech specialisations offered by IIT Bombay are enlisted below:
IIT Bombay offers a two-year MTech programme spread across four semesters. The course is offered for a duration of two years in 39 specialisations under 18 departments. Admission to the course is entrance-based. The technology institute accepts scores of the Graduate Aptitude Test in Engineering (GATE). Candidates who further get shortlisted need to take part in COAP counselling. Aspirants must complete a bachelor's degree with a minimum of 60% aggregate (55% aggregate for SC/ ST/ PwD category) to apply for MTech.
Download:IIT Bombay MTech Brochure 2025
The total tuition fee for the MTech course ranges between INR 1.2 lakh - INR 10 lakh. Additionally, the registration fee to submit the GATE application form for boys is INR 1,700, INR 850 for girls, and INR 850 for SC/ST/PwD category students. For any more details about the course fee and payment procedure, candidates can reach out to the IIT Bombay admission office. It must be noted that the mentioned fee amount is as per the official website/sanctioning body. It is still subject to change and hence, is indicative.
IIT Bombay offers two-year MTech courses in 39 specialisations under 18 departments. Admission to the course is based on scores in GATE followed by COAP counselling. In addition, to be eligible to take the entrance test, candidates must also meet the minimum eligibility criteria. Further, aspirants can apply for GATE online by visiting the official website. Aspirants who have not qualified GATE can get admission through written test conducted by the institute. The shortlisted candidates are further called for a personal interview round.
Yes, GATE score is required to get admission to IIT Bombay course. However, aspirants who have not qualified GATE can also get admission based on written test conducted by the institute. The shortlisted candidates are further called for a personal interview round. In order to be eligible to apply for the course, an aspirant must have a BE/ BTech/ BSc/ Bachelor of Architecture and Bachelor of Planning/ MSc/ MCA/ MBBS/ MPharm/ BPharm/ BDS/ degree recognised equivalent to BE/ BTech with a minimum of 60% aggregate (55% aggregate for SC/ ST/ PwD category) earned through Associate Membership Examinations conducted by recognised professional bodies to apply forMTechcourse.
IIT Bombay offers a two-year MSc course spread across four semesters. The course is offered in seven specialisations at the PG level. Admission to MSc is entrance-based followed by counselling. The Joint Admission Test (JAM) for MSc is a national-level examination conducted jointly by the Indian Institutes of Technology and the Indian Institute of Science. Aspirants must pass a bachelor's degree to apply for the MSc programme.
IIT Bombay MSc cutoff 2024 has been released for Round 1, wherein,M.Sc.+ in Applied Geologyis the most competitive specialsiation with a closing rank of16for the General AII India category students. The least competitive course isM.Sc.+ Ph.D. in Environmental Science and Engineeringwith a cutoff rank of643. So, candidates seeking admission to any of the MSc course must secure a rank upto 643 to be eligible for IIT Bombay.
IIT Bombay admissio to the MSc course is based on IIT JAM scores, followed by IIT JAM counselling process. Only candidates in the JAM 2024 Merit List based onJAM 2024 scorecardwill be eligible to apply for admission.
Yes, IIT Bombay offers MSc for two-years. The PG-level course is available in seven specialisations, including Chemistry, Biotechnology, Applied Geology, Applied Geophysics, Mathematics, Physics, Applied Statistics & Informatics. Moreover, the institute also offers MSc + PhD (dual degree) course in three specialisations including Environmental Science & Engineering, Operations Research, Energy Science & Engineering.
IIT Bombay offers admission to MSc course based on IIT JAM score followed by CCMN Counselling. The seat allotment is carried out based on document verification, seat intake, and category of the students, during the counselling. Besides, candidates with a valid bachelor’s degree issued by a recognised university are eligible for admission to the PG course.
IIT Bombay offers a two-yearMBAcourse spread across eight terms. The institute offers MBA through theShailesh J. Mehta School of Management (SJMSOM). Admission to the IIT Bombay MBA course is based on the CAT scores followed by a personal interview round. The applications for MBA usually open from the first week of January and close by the last week of January. Candidates who have passed bachelor's degree with at least 60% aggregate (55% aggregate in case of candidates belonging to SC/ ST/ PWD category) or a minimum CPI of 6.5 (6 in case of candidates belonging to SC/ ST/ PWD category) out of 10 are eligible to apply for MBA.
Download:IIT Bombay MBA Brochure 2025
MBA is one of the popular courses of IIT Bombay, offered through Shailesh J. Mehta School of Management. The institute has a good ranking in the Management category. Here are few parameters that will help candidates decide if IIT Bombay is a good option for pursuing an MBA:
IIT Bombay SJSOM MBA has total 152 seats. Candidates are offered seat based on CAT scores. Check below the category-wise intake for MBA:
Candidates must pass a bachelor's degree with at least 60% aggregate (55% aggregate in case of aspirants belonging to SC/ ST/ PwD category) or a minimum CPI of 6.5 (6 in case of aspirants belonging to SC/ ST/ PwD category) out of 10 to apply for IIT Bombay MBA.
Aspirants in the final year of the degree and those awaiting results can also apply. The applicant should have scored an aggregate of 60% (55% aggregate  in case of candidates belonging to SC/ ST/PWD category) or equivalent till the latest exam that has been completed and whose scores are available.
IIT Bombay offers an MDes course for a duration of two years spread across four semesters. The institute offers MDes through the Industrial Design Centre inIndustrial Design, Visual Communication, Animation, Mobility & Vehicle Design andInteraction Design. In general, the first two semesters in the first year comprise theory courses and learning/ instruction oriented projects, while the second year is more or less spent on design projects. Candidates who have completed graduation with at least 55% aggregate (50% aggregate for SC/ ST/ PwD) or equivalent grades can apply for MDes.
The total tuition fee for IIT Bombay MDes is INR 1 Lacs as per an unofficial source.Students belonging to SC/ ST/ PwD categoryor a child of institution staff areexemptedfrom paying the tuition fee. There is a concessional and a non-concessional fee for candidates belonging to General/ EWS/ OBC-NCL category. The concessional is offered on tuition fee. Candidates apart from the tuition fee are required to pay examination fee, medical fee, etc. Students not staying in hostel are exempted from the payment of hostel fee.
Apart from the course fee, candidates also have to pay a registration fee of INR 300 for General/ OBC Male and INR 150 for SC/ ST/ PwD and female candidates.
Yes, IIT Bombay conducts Common Entrance Exam for Design or CEED for admission to MDes programme. It is a national-level entrance exam conducted in online mode. It is a three-hour exam conducted once in a year. Candidates shortlisted based on CEED rank have to also appear for IDC written test conducted by the institute. The shortlisted aspirants are further require to come for an interview round for final selection.
IIT Bombay admission to MDes programme is entrance-based. Candidates have to follow the below steps to get a seat in the MDes programme:
Step 1:Candidates meeting the eligibility requirements have to pay an application fee to register for MDes course. The application fee for General/ OBC male is INR 300 and INR 150 for SC/ ST/ PwD and all female candidates.
Step 2:IIT Bombay selects candidates for MDes programme based on CEED score. After qualifying CEED, the institute releases a category-wise merit list for each stream. Shortlisted candidates have to appear for IDC written test followed by an interview round for final selection.
Step 3:Once the selection rounds are over, a final merit list is released. The shortlisted aspirants have to come for document verification and confirm their seat by paying the course fee.
IIT Bombay offers BDes or Bachelor of Design throughIDC School of Designat the UG level. It is a four-year programme spread across eight semesters. Admission to the BDes programme of IIT Bombay is based on UCEED score. Aspirants who have completed Class 12 are eligible to apply for the BDes programme.
IIT Bombay admission to BDes course includes various steps. Starting with registration to entrance exam, counselling and seat allotment. Before jumping to application, candidates must also check their eligibility. Any candidate who have completed Class 12 can apply for BDes course.
Step 1: Registration
Candidates need to apply online for BDes course with an application fee of INR 3,800 for open and INR 1,900 for reserved category. The common application form will be available through the IIT Bombay Admissions Portal.
Step 2: Selection
The selection to BDes course is based on UCEED rank. A merit list is prepared based on UCEED rank of the candidates.
Step 3: Counselling
Once shortlisted, candidates need to register for counselling. The seat are alloted based on the UCEED rank of the candidates. Aspirants must pay the fee to confirm their seat in the institute.
A minimum of Class 12 is required to apply for BDes course at IIT Bombay. Below is the detailed eligibility:
Yes, BDes is available at IIT Bombay. It is a four-year full-time course spread across eight semester. IIT Bombay offers BDes through IDC School of Design at the UG level. It also offers five-year integrated BDes + MDes programme spread across 10 semesters. The option of doing a dual degree, is available at the end of third year. Candidates who have completed Class 12 can apply for IIT Bombay BDes courses.
IIT Bombay offers a minimum of a three-year PhD course in 27 specialisations. Admission to PhD programmes is entrance-based. Candidates seeking admission must meet the minimum eligibility criteria.IIT Bombayaccepts applications for PhD courses in online mode. Aspirants must also complete a bachelor or masters or equivalent degree with a minimum of 60% aggregate (55% aggregate for SC/ ST/ PwD category) to apply for IIT Bombay PhD programme.
Download:IIT Bombay PhD Brochure 2025
GATE is one of the entrance exams for PhD admission. However, aspirants can also get admission in PhD based onCSIR NET/CEED/UGC NETor written test conducted by the institute. The shortlisted candidates are called for a personal interview round for final selection. Along with GATE score, candidates also need to fulfil the eligibiltiy requirements. Aspirants must complete Bachelor or Masters or equivalent degree in Engineering/ Technology or master's or equivalent degree in Science or Arts/ Commerce with a minimum of 60% aggregate (55% aggregate for SC/ ST/ PwD category) for PhD admission.
Candidates first need to fill out the application form. Aspirants who have completed Bachelor or Masters or equivalent degree in Engineering/ Technology or master's or equivalent degree in Science or Arts/ Commerce with a minimum of 60% aggregate (55% aggregate for SC/ ST/ PwD category) are eligible to apply for PhD course.The application fee for PhD is:
After filling out the application form, students are shortlisted based onGATE/CSIR NET/CEED/UGC NET/ Entrance Exam score. The shortlisted candidates are then further called for a personal interview round.
Yes, candidates who have completed a master's degree in a relevant discipline with at least 60% aggregate (55% aggregate for SC/ ST/ PwD category) can apply for a PhD course. The institute offers PhD in multiple specialisations, including Biosciences, Aerospace Engineering, Chemistry, Design, Earth Sciences, etc. To enrol for a PhD, the candidate must qualify for either GATE/ CSIR NET/ CEED/ UGC NET/ written test followed by an interview for admission to the PhD course. Furthermore, IIT Bombay is one of the few institutions in India that can offer a PMRF Fellowship to meritorious PhD candidates at the time of admission into thePhD programme. PMRF fellows get a monthly stipend of INR 70,000 along with an annual contingency grant of INR 2 Lakh.

ADMISSION HIGHLIGHTS:
Particulars | IIT Bombay Admission Highlights 2025
Mode of study | Full-time/ Offline
Programmes Offered | 86+ (including specialisations)
Admission status 2025 | Open
Fee Range | UG courses:INR 8 lakh - INR 20 lakhPG courses:INR 30,000 - INR 20 lakh
Return on Investment (ROI) | Total tuition fee:INR 8 lakh - INR 20 lakhAverage package:INR 13 lakh - INR 26.6 lakh
Notable Alumni | Bhavish Aggarwal (Co-founder of Ola Cabs)Mansoor Ali Khan (Film Director)Vipul Goyal (Stand-up Comedian)
How to apply? | BTech:jeemain.nta.ac.inMSc:https://jam.iitm.ac.in/For all other courses:https://www.iitb.ac.in/
Level of programmes offered | UG, PG & Doctoral
Popular programmes | BTech| MBA
Download | IIT Bombay MS by Research Brochure 2025IIT Bombay MBA Brochure 2025IIT Bombay MA + PhD Brochure 2025IIT Bombay MA by Research Brochure 2025"
4,IIT Kanpur - Indian Institute of Technology,3India Today ' 23Not RankedTimes ' 24Not RankedOutlook ' 24,N/A,https://www.shiksha.com/college/iit-kanpur-indian-institute-of-technology-25116/courses,B.E. / B.Tech,https://www.shiksha.com/college/iit-kanpur-indian-institute-of-technology-25116/courses/be-btech-bc,Eligibility Criteria Accepted Exam JEE Main JEE Advanced + 1 more 10+2 score 75%,"IIT Kanpur offers a four-year BTech programme across eight specialisations. Admission to this course is based on JEE Main and JEE Advanced scores followed by JoSAA Counselling . Students seeking BTech admission to IIT Kanpur must qualify for both entrance exams. Check the below infographic to know fees, ranking, median salary trends, and more: Note: The information above is taken from official sources. However, it is subject to change. Some of the prominent highlights of IIT Kanpur BTech programme around its fee and seat intake for all BTech specialisations are as follows: Particulars BTech Admission Highlights Number of specialisations 8 Eligibility Must have completed Class 12 with a minimum of 75% aggregate in PCM + Born on/ after October 1, 1997 (Relaxation of 5 years for SC/ST/PwD category, i.e., they should be born on/ after October 1, 1992) Selection JEE Main + JEE Advanced + JoSAA Counselling IIT Kanpur also offers an option of a dual degree, i.e., Bachelors-Masters Dual Degree to the students. A student earns both a bachelor’s and a master’s degree at the end of this five-year course. The dual degree programme has three categories: Category A: In this case, both degrees are in the same discipline/department. Example: BTech-M Tech. Category B: This is a two-discipline/ department programme where the bachelor’s degree is in the parent discipline/ department and the master’s degree is in a different discipline/ department. Thus, three combinations are possible in this category, ex: BTech-M Tech, BTech-MS and BTech-MDes. Students can choose any one of the aforementioned combinations. Category C: In this case, the bachelor’s degree is in the parent discipline/ department and the master’s degree is MBA. Ex: BTech-MBA. Check out the below video to know more about IIT Kanpur BTech: Read more","IIT Kanpur B.E. / B.Tech What’s new? The JEE Main Session 2 result 2025 has been released for admission to BE/BTech courses . Candidates who appeared for the exam can log in and check or download their scorecards from the official website. The JEE Advanced 2025 registration window for the BTech course is now open, and the last date to register is May 2, 2025 . To confirm the registration process, candidates must pay their registration fee latest by May 5, 2025 . In addition, the JEE Advanced 2025 examination will be held on May 18, 2025 . According to media reports, a total of 989 offers were made during IIT Kanpur phase 1 placements 2023-24. Further, 21 students received international offers during IIT Kanpur placements 2024. The top recruiters on day 1 included Microsoft, Texas Instrument, Deutsche Bank, Navi and Qualcomm . In total, 428 students have secured top positions through pre-placements and campus placements. The average package offered during IIT Kanpur placements 2023-24 (phase 1) stood at INR 26.27 LPA. Read more","IIT Kanpur course admission2025is primarilyentrance-based. Admission to all courses is based on scores obtained in the entrance examinations such asGATE, IIT JAM, CEEDandCAT. BTech is the flagship course of IIT Kanpur. Apart from its flagship programme,the Indian Institute of Technology (IIT Kanpur)also offers BSc, BS, MTech, MSc, MDes and MBA, along with a few Dual Degree programmes. Along with UG and PG courses, IIT Kanpur also offers PhD in various specialisations. Read the following article to know in-depth about the courses, eligibility, fees, and admission process of IIT Kanpur.
The infographic given below demonstrates the admission process atIIT Kanpur:
IIT Kanpur course admissionbegins with the application process of the accepted entrance exams. BTech is the flagship course of this institute.IIT Kanpur admissions are entrance-based. The institute offers courses such as BTech, MBA, BSc, MTech, etc. Students can check the table to check out the key highlights forIIT Kanpur admission:
Particulars
IIT Kanpur Admission Highlights 2025
Mode of study
Programmes Offered
How to apply?
https://www.iitk.ac.in/
Level of programmes offered
Popular programmes
Indian Institute of Technology (IIT Kanpur)offers a range of UG, PG, and doctoral courses inEngineering,ManagementandScience, among others, admission to which is completely an online process conducted via the relevant exam and their conducting bodies. Additonally, the institute also offers Certificate courses to students. The below table mentions allIIT Kanpur coursesalong with their eligibility and selection criteria:
Class 12 with 75% aggregate from a recognised board
JEE Main+ JEE Advanced +JoSAA Counselling
Class 12 with 75% aggregate from a recognised board
JEE Main +JEE Advanced+ JoSAA Counselling
Any four-year UG degree from a recognised university
GATE+COAPCounselling
Bachelor’s degree in a relevant Science discipline from a recognised university
IIT-JAM+CCMNcounselling
UG degree with 60% aggregate (55% aggregate for SC/ ST) from a recognised university
CAT+ academic background + work experience + GDPI
Master's degree in relevant field from a recognised university
GATE| CEED|UGC NET| IIT JAM| JEST| CAT|GMAT
IIT Kanpur feesconsist of multiple components like tuition, one-time and hostel fees. Students need to pay the course tuition fee semester-wise. For further queries such as TFW, students can contact the admission cell of the institute. Students who have graduated from IIT Kanpur can expect a handsome package as the institute is one of the top institutions of the country. The table mentioned below contains details forIIT Kanpur feesand average package:
Check:IIT Kanpur Fee Structure
NOTE:The above-mentioned fee is taken from an official source/sanctioning body. Hence, it may vary.
IIT Kanpur is one of the rankedIITs in India. Students can check the below infographic to know if IIT Kanpur is worth taking admission to:
Theseat allotment at IITsis carried out as per theJoSAA seat matrix. For seat allotment, candidates have to participate in the counselling procedure. Find below theIIT Kanpur seat intakefor some of the courses:
IIT Kanpur has a multi-step admission process which students need to follow to get into the institute. The process includes appearing for the relevant entrance exam, application process, counselling and subsequent admission.The JEE Advanced 2025 official website has launched with the new eligibility criteria. As per the official website, candidates can now attempt theJEE Advanced 2025 exama maximum of three times in three consecutive years.A step-by-stepadmission process of IIT Kanpuris as mentioned below:
Step 1: IIT Kanpur Application Process
Students interested in getting into IIT Kanpur can submit the online application form for course-specific entrance exams or college depending on the course they wish to get into. Students can register to the below-mentioned list to learn about the entrance tests required for some of thepopular IIT Kanpur courses:
Step 2: IIT Kanpur University Selection Criteria & Release of Merit List
After completion of the registration process, applicants need to go through the course-based entrance exam followed by other selection rounds (if applicable). After the selection rounds are completed, they need to go through the course-wise counselling process for final seat allocation. ForPhDandMBA, merit lists are released on the official website (with the names of the shortlisted students).Check the IIT Kanpur cutoff.
Step 3: Admission Confirmation at IIT Kanpur
After completion of the selection rounds, applicants who are shortlisted can submit the admission charges and confirm their admission to the relevant course at IIT Kanpur.
For more information about IIT Kanpur - Indian Institute of Technology check out the below videos:
No, IIT Kanpur only offers merit-based admission for all the courses. It accepts JEE Advanced scores for admission to BTech. Candidates are required to qualify JEE Main exam prior to appearing for JEE Advanced. Apart from its flagship programme, Indian Institute of Technology (IIT Kanpur) offers BSc, BS, MTech, MSc, MDes, MBA, along with a few Dual Degree programmes. Admission to all courses is based on scores obtained in the entrance examinations such as GATE, IIT JAM, CEED and CAT. Along with UG and PG courses, IIT Kanpur also offers PhD in various specialisations, admisison to which again is entrance-based.
Check below IIT Kanpur admission process:
IIT Kanpur JAM Cutoff 2024 has been released for Round 2. The most competitive course was M.Sc in Statistics, with the Cutoff of63. For the OBC AI category candidates, the Cutoff stood at187, for M.Sc in Statistics.
If the Cutoff rank is more than 63, there is no scope of admission to IITs for M.Sc in Statistics.
As of now, the institute has released the phase-I placement statistics. A total of 913 students were placed and 989 job offers were distributed among them. Check the complete insights of IIT Kanpur placements 2024 from the table below:
Particulars
Placement Statistics (2024) Phase I
Total job offers
989
Average package
INR 26.27 LPA
Students placed
913
International offers
22
Not getting into IIT Kanpur or any other top IIT shouldnot be considered an end to a student’s career. WhileIIT Kanpur average packageis INR 18.14 LPA for its 2023 placements batch,can IIT Kanpur guaranteethe same for each and every student of the batch? The answer is no. What truly matters is a student’s dream to pursue a career in Engineering and as long as they are ready to work on their learning and are focused towards achieving their goal, they must not feel defeated in case of not getting into IIT Kanpur.
Additionally, students always have an option togo for other good private and government universitiesand colleges to pursue their BTech degree. Some of these options are as follows:
BTech College Name
Avg/ Median Package
Total Tuition Fee (BTech)
BTech Admission Process
NIT Tiruchirapalli
(NIRF Rank 9)
INR 12 LPA
INR 5 lakh
Class 12 with PCM/ PBM +JEE Main+JoSAA Counselling
Jadavpur University
(NIRF Rank 10)
INR 10 LPA
INR 9,600 - INR 1.2 lakh
Class 12 with a minimum aggregate of 60% +WBJEE+ Counselling
VIT Vellore
(NIRF Rank 11)
INR 9.23 LPA
INR 4.9 lakh - INR 7.8 lakh
Class 12 with PCM/ PCB with at least 60% (50% for SC/ ST and others) +VITEEE+ Counselling
Amrita School of Engineering, Amrita Vishwa Vidyapeetham
(NIRF Rank 19)
INR 4.50 LPA
INR 10 lakh - INR 17 lakh
Class 12 with a minimum 45% of aggregate + JEE Main,TNEA,AEEE
BITS Pilani
(NIRF Rank 25)
INR 30.37 LPA
INR 20 lakh
Class 12 with minimum of 75% + BITSAT
Jamia Millia Islamia
(NIRF Rank 26)
INR 10 LPA
INR 64,600
Class 12 with PCM with 55%/ 3-4 year diploma with 55% +JEE Main
SRM IST
(NIRF Rank 28)
INR 9.5 LPA
INR 5 lakh - INR 12 lakh
Class 12 with minimum 50%- 60%  + JEE Main,SRMJEE,TANCET,SAT India
Amity University
(NIRF Rank 31)
INR 5.50 LPA
INR 7.5 lakh - INR 25.9 lakh
Class 12 with PCM/ PCB with an aggregate of 60% (55% for Sponsored students) + PI
Chandigarh University
(NIRF Rank 38)
INR 9.54 LPA
INR 4.7 lakh - INR 14.6 lakh
Class 12 with at least 50-60% aggregate +CUCET/JEE Main
LPU
(NIRF Rank 50)
INR 8.0 LPA
INR 8.4 lakh - 16 lakh
Class 12 with PCM/PCB with 60% +LPUNEST/JEE Main/CUET(KQ Test + Interview for BTech CSE-Software Production)
IIT Kanpur offers a Full Time BE/BTechthat lasts 4 years. To get into this programme, students need to have good scores in the JEE Main exam. Below is more information about the eligibility requirements, selection criteria, and fees forIIT Kanpur BTech admission 2025.
Check the below infographic for the comparison between other top IITs:
The total fee ranges from INR 8 lakh. However, this fee is sourced from unofficial sources. Hence, is indicative. For the exact fee, students can reach out to the admission office. Other than this, students are required to pay the JEE Main application fee which is INR 625 (for boys) and INR 325 (for girls). For JEE Advanced, the application fee ranges from INR 1,400 to INR 2,800 for different category students.Read more around IIT Kanpur BTech course, fee & eligibility here.
Admission to the BTech programme at IIT Kanpur is entrance exam-based, i.e., based on JEE Main followed by JEE Advanced scores. Candidates seeking admission to BTech can not get admission to IIT Kanpur with only the scores of JEE Main. JEE Advanced followed by JoSAA counselling is the final selection criteria followed by the institute. However, to be eligible for the BTech programme, students are required to have passed their Class 12 with at least 75% aggregate with Science subjects (i.e., Physics, Chemistry and Mathematics).Read on to know more around IIT Kanpur BTech course.
IIT Kanpur BTech cutoff 2024has been released across multiple specialisations. Based on the Round 1 seat allotment, the BTech cutoff scores ranged between248and,10037for the General AII India category students. Among all the BTech specialisations,BTech in CSEis the most competitive specialisation. The Last Round for Computer Science and Engineering is 248 for the General AI category.
Furthermore, according toIIT Kanpur OBC AI category cutoff 2024,the Last Round closing rank for Computer Science and Engineering is 129.In addition, the cutoff varied from129to4405in the OBC category. For more information,click here.
Yes, IIT Kanpur also offers an option of a dual degree, i.e., Bachelors-Masters Dual Degree to the students. A student earns both a bachelor’s and a master’s degree at the end of this five-year course. The dual degree programme has three categories:
At the undergraduate level, IIT Kanpur offers a regularBachelor of Science(BS or BSc)programme of four-year duration. The mode of education for the programme is full-time and it provides both theoretical and practical knowledge in the field of Science. The basic eligibility criteria for admission inBSc at IIT Kanpuris passing Class 12 or its equivalent in the Science stream with a minimum aggregate of 75% from a recognised board.
Those seeking admission in the BSc programme offered at IIT Kanpur must have cleared their Class 12 or its equivalent with a minimum aggregate of 75% from a recognised board. The institute offers a multitude of specialisations for the BSc programme. Interested students can visit the official website of IIT Kanpur to know more about the course.
IIT Kanpur offers undergraduate degree in BSc across a variety of specialisations. Eligible students can pursue the following specialisations of BSc at IIT Kanpur:
IIT Kanpur offersMTechfor a duration of two years across fifteen specialisations. Admission to theMTech course offered at IIT Kanpuris based on aGATEscore followed by counselling. Eligible students seeking admission must qualify for the entrance exam for admission to IIT Kanpur. The basic eligibility for the programme is Graduation with a minimum aggregate of 55%-60% from a recognised university. The institute offers courses across several specialisations such asMTech in Mechanical Engineering,Computer Science and Engineering,Aerospace Engineeringand more.
No, there is no interview round for M.Tech admission at IIT Kanpur. Admission offers for GATE-qualified candidates are displayed on the Common Offer Acceptance Portal (COAP). Students must register at the COAP portal to view and accept their offers. Registration on COAP portal is free. Additionally, candidates are advised to download COAP 2022 information brochure. COAP Registration number is mandatory to apply for M.Tech at IIT Kanpur admission portal. Candidates who have not qualified GATE are communicated directly by the department via e-mail.
A valid GATE score is required for admission to the M.Tech programme in the case of regular (non-sponsored) candidates. The requirement of GATE score is waived off for the candidates with MBBS degree as well as for the BTech graduates from IITs with a minimum overall CPI of 6.5 and a minimum CPI of 8.0 in the last two years in BTech. Additionally, A bachelor's degree in Engineering or Science (four-year programme) or a master's degree in Science with marks/ CPI not below the specified minimum is required for M.Tech admission.
The total tuition fee for M.Tech courses at IIT Kanpur ranges between INR 20,000 to INR 77,000. This fee, however, is sourced from unofficial sources. Hence, is indicative. But as per the official details and fee calculation as per the semester-wise fee break up available for 2021-22 academic year, the total fee for M.Tech stands close to INR 77,000. This amount is  inclusive of Hostel Seat Rent as per the guidelines issued by IIT Kanpur but is not inclusive of the Hostel Admission Fee components since day scholars are not charged hostel admission fee, hostel caution money, water charges and mess establishment charges.
Candidates seeking admission to M.Tech at the Indian Institute of Technology, Kanpur must have passed a bachelor's degree in Engineering or Science (4-year course) or must have completed their master's degree in Science with marks not below the specified minimum. A relaxation of 5% aggregate or 0.5 CPI is offered to SC/ST/PwD category candidates on the minimum eligibility score. Additionally, a valid GATE score is required for admission to the M.Tech programme in the case of regular (non-sponsored) candidates. The requirement of GATE score is waived for the candidates with a BTech/BS (4-year) degree from IITs with a minimum overall CPI of 6.5 and a minimum CPI of 8.0 in the last two years in BTech/BS (4-year).
At the PG level, IIT Kanpur offers a regular Master of Science (MSc) and MS by Research programme of two years duration to the students. The mode of education for the programme is full-time. Admission to the MSc and MS programmes is completely entrance exam-based.
Master of Business Administration(MBA) is two-year course offered via the Department of Management Sciences (DoMS). Divided into four semesters, the programme includes compulsory and elective courses and a capstone project in the interest area of the participant.Admission to MBA course at IIT Kanpuris based on CAT score and eligibility criteria.
Candidates seeking admission to IIT Kanpur for MBA must meet the minimum eligibility criteria and have a valid score in the CAT exam. All the eligibility and final selection requirements for MBA at IIT Kanpur are as follows:
Particulars
Admission Details
Eligibility
- CAT score of 80 percentile and above for General, OBC (NCL) and EWS (55 percentile and above for SC/ ST)
- A pass in BTech/ BE/ BArch with Mathematics as one of the subjects or a four-year degree leading to BSc in Engineering/ BSc/ MSc/ MA in Economics with Maths as a subject with at least 60% or 6.0 CPI on a 10 point scale for General, OBC (NCL) and EWS (50% or 5.0 CPI out of 10 for SC/ST)
Selection
CATpercentile, academic background, work experience and GDPI
The application fee for various category students for the MBA programme offered at IIT Kanpur is given below:
Category
Application Fee
General
INR 1,600
SC/ST/EWS/DAP (Differently Abled Person)
INR 800
The overall highest package has not been disclosed for the 2024 drive. The IIT Kanpur highest package offered to the MBA batch 2024 was INR 24 LPA. Earlier, the highest package offered during 2023 placements was the same, i.e. INR 24 LPA. Take a look at the table below to know the IIT Kanpur highest package trends for MBA:
Course
Highest Package (2022)
Highest Package (2023)
Highest Package (2024)
MBA
INR 22 LPA
INR 24 LPA
INR 24 LPA
Yes, candidates seeking admisison to the Indian Institute of Technology, Kanpur can apply online from the official website of the institute. The application process for MBA is completely online. After application, students are required to appear for the MBA selection rounds and qualify them to secure their seats. The step-wise IIT Kanpur application process is given below:
Read more on the IIT Kanpur MBA course, its fee and its eligibility here.

ADMISSION HIGHLIGHTS:
Particulars | IIT Kanpur Admission Highlights 2025
Mode of study | Full-time/ Offline
Programmes Offered | 9 (excluding specialisations)
How to apply? | https://www.iitk.ac.in/
Level of programmes offered | UG, PG & Doctoral
Popular programmes | BTech| MBA| BSc| MTech"
4,IIT Kanpur - Indian Institute of Technology,3India Today ' 23Not RankedTimes ' 24Not RankedOutlook ' 24,N/A,https://www.shiksha.com/college/iit-kanpur-indian-institute-of-technology-25116/courses,B.Sc.,https://www.shiksha.com/college/iit-kanpur-indian-institute-of-technology-25116/courses/bsc-bc,Eligibility Criteria Accepted Exam JEE Advanced 10+2 score 75%,"At the undergraduate level, IIT Kanpur offers a regular Bachelor of Science (BS or BSc) programme of four-year duration. The mode of education for the programme is full-time and it provides both theoretical and practical knowledge in the field of Science. IIT Kanpur BSc course is offered in five different specialisations. Some of these specialisations include, BSc in Economics , BSc in Physics, BSc in Chemistry etc. IIT Kanpur BSc admission is entrance exam-based (JEE Main followed by JEE Advanced). IIT Kanpur BSc fee is INR 8 lakh (tuition fees) for all the specialisations. The Science Department of IIT Kanpur offers a BSc or BS programme admission to which is subject to a valid rank in JEE Advanced exam. Some of the prominent highlights around BSc at IIT Kanpur around its fee and seat intake across all specialisations are as follows: Particulars BSc Admission Highlights Eligibility - Class 12 with a minimum of 75% aggregate (65% aggregate for SC, ST, and PwD categories) or equivalent board examination with Physics , Chemistry, and Mathematics compulsory subjects along with one language, and one other subject - Candidates must be in the top 20 percentile of the board examination - General category candidates must be born before on or after Oct 1, 1997 (Relaxation of five years for reserved categories (SC/ ST/ PwD candidates), i.e, they must be born on or after Oct 1, 1992) Selection criteria JEE Main + JEE Advanced + JoSAA Counselling Candidates who wish to know more about the other programmes offered at IIT Kanpur can refer to the following link Read more","IIT Kanpur B.Sc. What’s new? BSc at IIT Kanpur is a four-year, full-time undergraduate programme. Given below some more details about IIT Kanpur BSc : JEE Advanced admit card 2024 will be released on May 17 and JEE Advanced 2024 exam will be held on May 26 for BSc at IIT Kanpur .","IIT Kanpur course admission2025is primarilyentrance-based. Admission to all courses is based on scores obtained in the entrance examinations such asGATE, IIT JAM, CEEDandCAT. BTech is the flagship course of IIT Kanpur. Apart from its flagship programme,the Indian Institute of Technology (IIT Kanpur)also offers BSc, BS, MTech, MSc, MDes and MBA, along with a few Dual Degree programmes. Along with UG and PG courses, IIT Kanpur also offers PhD in various specialisations. Read the following article to know in-depth about the courses, eligibility, fees, and admission process of IIT Kanpur.
The infographic given below demonstrates the admission process atIIT Kanpur:
IIT Kanpur course admissionbegins with the application process of the accepted entrance exams. BTech is the flagship course of this institute.IIT Kanpur admissions are entrance-based. The institute offers courses such as BTech, MBA, BSc, MTech, etc. Students can check the table to check out the key highlights forIIT Kanpur admission:
Particulars
IIT Kanpur Admission Highlights 2025
Mode of study
Programmes Offered
How to apply?
https://www.iitk.ac.in/
Level of programmes offered
Popular programmes
Indian Institute of Technology (IIT Kanpur)offers a range of UG, PG, and doctoral courses inEngineering,ManagementandScience, among others, admission to which is completely an online process conducted via the relevant exam and their conducting bodies. Additonally, the institute also offers Certificate courses to students. The below table mentions allIIT Kanpur coursesalong with their eligibility and selection criteria:
Class 12 with 75% aggregate from a recognised board
JEE Main+ JEE Advanced +JoSAA Counselling
Class 12 with 75% aggregate from a recognised board
JEE Main +JEE Advanced+ JoSAA Counselling
Any four-year UG degree from a recognised university
GATE+COAPCounselling
Bachelor’s degree in a relevant Science discipline from a recognised university
IIT-JAM+CCMNcounselling
UG degree with 60% aggregate (55% aggregate for SC/ ST) from a recognised university
CAT+ academic background + work experience + GDPI
Master's degree in relevant field from a recognised university
GATE| CEED|UGC NET| IIT JAM| JEST| CAT|GMAT
IIT Kanpur feesconsist of multiple components like tuition, one-time and hostel fees. Students need to pay the course tuition fee semester-wise. For further queries such as TFW, students can contact the admission cell of the institute. Students who have graduated from IIT Kanpur can expect a handsome package as the institute is one of the top institutions of the country. The table mentioned below contains details forIIT Kanpur feesand average package:
Check:IIT Kanpur Fee Structure
NOTE:The above-mentioned fee is taken from an official source/sanctioning body. Hence, it may vary.
IIT Kanpur is one of the rankedIITs in India. Students can check the below infographic to know if IIT Kanpur is worth taking admission to:
Theseat allotment at IITsis carried out as per theJoSAA seat matrix. For seat allotment, candidates have to participate in the counselling procedure. Find below theIIT Kanpur seat intakefor some of the courses:
IIT Kanpur has a multi-step admission process which students need to follow to get into the institute. The process includes appearing for the relevant entrance exam, application process, counselling and subsequent admission.The JEE Advanced 2025 official website has launched with the new eligibility criteria. As per the official website, candidates can now attempt theJEE Advanced 2025 exama maximum of three times in three consecutive years.A step-by-stepadmission process of IIT Kanpuris as mentioned below:
Step 1: IIT Kanpur Application Process
Students interested in getting into IIT Kanpur can submit the online application form for course-specific entrance exams or college depending on the course they wish to get into. Students can register to the below-mentioned list to learn about the entrance tests required for some of thepopular IIT Kanpur courses:
Step 2: IIT Kanpur University Selection Criteria & Release of Merit List
After completion of the registration process, applicants need to go through the course-based entrance exam followed by other selection rounds (if applicable). After the selection rounds are completed, they need to go through the course-wise counselling process for final seat allocation. ForPhDandMBA, merit lists are released on the official website (with the names of the shortlisted students).Check the IIT Kanpur cutoff.
Step 3: Admission Confirmation at IIT Kanpur
After completion of the selection rounds, applicants who are shortlisted can submit the admission charges and confirm their admission to the relevant course at IIT Kanpur.
For more information about IIT Kanpur - Indian Institute of Technology check out the below videos:
No, IIT Kanpur only offers merit-based admission for all the courses. It accepts JEE Advanced scores for admission to BTech. Candidates are required to qualify JEE Main exam prior to appearing for JEE Advanced. Apart from its flagship programme, Indian Institute of Technology (IIT Kanpur) offers BSc, BS, MTech, MSc, MDes, MBA, along with a few Dual Degree programmes. Admission to all courses is based on scores obtained in the entrance examinations such as GATE, IIT JAM, CEED and CAT. Along with UG and PG courses, IIT Kanpur also offers PhD in various specialisations, admisison to which again is entrance-based.
Check below IIT Kanpur admission process:
IIT Kanpur JAM Cutoff 2024 has been released for Round 2. The most competitive course was M.Sc in Statistics, with the Cutoff of63. For the OBC AI category candidates, the Cutoff stood at187, for M.Sc in Statistics.
If the Cutoff rank is more than 63, there is no scope of admission to IITs for M.Sc in Statistics.
As of now, the institute has released the phase-I placement statistics. A total of 913 students were placed and 989 job offers were distributed among them. Check the complete insights of IIT Kanpur placements 2024 from the table below:
Particulars
Placement Statistics (2024) Phase I
Total job offers
989
Average package
INR 26.27 LPA
Students placed
913
International offers
22
Not getting into IIT Kanpur or any other top IIT shouldnot be considered an end to a student’s career. WhileIIT Kanpur average packageis INR 18.14 LPA for its 2023 placements batch,can IIT Kanpur guaranteethe same for each and every student of the batch? The answer is no. What truly matters is a student’s dream to pursue a career in Engineering and as long as they are ready to work on their learning and are focused towards achieving their goal, they must not feel defeated in case of not getting into IIT Kanpur.
Additionally, students always have an option togo for other good private and government universitiesand colleges to pursue their BTech degree. Some of these options are as follows:
BTech College Name
Avg/ Median Package
Total Tuition Fee (BTech)
BTech Admission Process
NIT Tiruchirapalli
(NIRF Rank 9)
INR 12 LPA
INR 5 lakh
Class 12 with PCM/ PBM +JEE Main+JoSAA Counselling
Jadavpur University
(NIRF Rank 10)
INR 10 LPA
INR 9,600 - INR 1.2 lakh
Class 12 with a minimum aggregate of 60% +WBJEE+ Counselling
VIT Vellore
(NIRF Rank 11)
INR 9.23 LPA
INR 4.9 lakh - INR 7.8 lakh
Class 12 with PCM/ PCB with at least 60% (50% for SC/ ST and others) +VITEEE+ Counselling
Amrita School of Engineering, Amrita Vishwa Vidyapeetham
(NIRF Rank 19)
INR 4.50 LPA
INR 10 lakh - INR 17 lakh
Class 12 with a minimum 45% of aggregate + JEE Main,TNEA,AEEE
BITS Pilani
(NIRF Rank 25)
INR 30.37 LPA
INR 20 lakh
Class 12 with minimum of 75% + BITSAT
Jamia Millia Islamia
(NIRF Rank 26)
INR 10 LPA
INR 64,600
Class 12 with PCM with 55%/ 3-4 year diploma with 55% +JEE Main
SRM IST
(NIRF Rank 28)
INR 9.5 LPA
INR 5 lakh - INR 12 lakh
Class 12 with minimum 50%- 60%  + JEE Main,SRMJEE,TANCET,SAT India
Amity University
(NIRF Rank 31)
INR 5.50 LPA
INR 7.5 lakh - INR 25.9 lakh
Class 12 with PCM/ PCB with an aggregate of 60% (55% for Sponsored students) + PI
Chandigarh University
(NIRF Rank 38)
INR 9.54 LPA
INR 4.7 lakh - INR 14.6 lakh
Class 12 with at least 50-60% aggregate +CUCET/JEE Main
LPU
(NIRF Rank 50)
INR 8.0 LPA
INR 8.4 lakh - 16 lakh
Class 12 with PCM/PCB with 60% +LPUNEST/JEE Main/CUET(KQ Test + Interview for BTech CSE-Software Production)
IIT Kanpur offers a Full Time BE/BTechthat lasts 4 years. To get into this programme, students need to have good scores in the JEE Main exam. Below is more information about the eligibility requirements, selection criteria, and fees forIIT Kanpur BTech admission 2025.
Check the below infographic for the comparison between other top IITs:
The total fee ranges from INR 8 lakh. However, this fee is sourced from unofficial sources. Hence, is indicative. For the exact fee, students can reach out to the admission office. Other than this, students are required to pay the JEE Main application fee which is INR 625 (for boys) and INR 325 (for girls). For JEE Advanced, the application fee ranges from INR 1,400 to INR 2,800 for different category students.Read more around IIT Kanpur BTech course, fee & eligibility here.
Admission to the BTech programme at IIT Kanpur is entrance exam-based, i.e., based on JEE Main followed by JEE Advanced scores. Candidates seeking admission to BTech can not get admission to IIT Kanpur with only the scores of JEE Main. JEE Advanced followed by JoSAA counselling is the final selection criteria followed by the institute. However, to be eligible for the BTech programme, students are required to have passed their Class 12 with at least 75% aggregate with Science subjects (i.e., Physics, Chemistry and Mathematics).Read on to know more around IIT Kanpur BTech course.
IIT Kanpur BTech cutoff 2024has been released across multiple specialisations. Based on the Round 1 seat allotment, the BTech cutoff scores ranged between248and,10037for the General AII India category students. Among all the BTech specialisations,BTech in CSEis the most competitive specialisation. The Last Round for Computer Science and Engineering is 248 for the General AI category.
Furthermore, according toIIT Kanpur OBC AI category cutoff 2024,the Last Round closing rank for Computer Science and Engineering is 129.In addition, the cutoff varied from129to4405in the OBC category. For more information,click here.
Yes, IIT Kanpur also offers an option of a dual degree, i.e., Bachelors-Masters Dual Degree to the students. A student earns both a bachelor’s and a master’s degree at the end of this five-year course. The dual degree programme has three categories:
At the undergraduate level, IIT Kanpur offers a regularBachelor of Science(BS or BSc)programme of four-year duration. The mode of education for the programme is full-time and it provides both theoretical and practical knowledge in the field of Science. The basic eligibility criteria for admission inBSc at IIT Kanpuris passing Class 12 or its equivalent in the Science stream with a minimum aggregate of 75% from a recognised board.
Those seeking admission in the BSc programme offered at IIT Kanpur must have cleared their Class 12 or its equivalent with a minimum aggregate of 75% from a recognised board. The institute offers a multitude of specialisations for the BSc programme. Interested students can visit the official website of IIT Kanpur to know more about the course.
IIT Kanpur offers undergraduate degree in BSc across a variety of specialisations. Eligible students can pursue the following specialisations of BSc at IIT Kanpur:
IIT Kanpur offersMTechfor a duration of two years across fifteen specialisations. Admission to theMTech course offered at IIT Kanpuris based on aGATEscore followed by counselling. Eligible students seeking admission must qualify for the entrance exam for admission to IIT Kanpur. The basic eligibility for the programme is Graduation with a minimum aggregate of 55%-60% from a recognised university. The institute offers courses across several specialisations such asMTech in Mechanical Engineering,Computer Science and Engineering,Aerospace Engineeringand more.
No, there is no interview round for M.Tech admission at IIT Kanpur. Admission offers for GATE-qualified candidates are displayed on the Common Offer Acceptance Portal (COAP). Students must register at the COAP portal to view and accept their offers. Registration on COAP portal is free. Additionally, candidates are advised to download COAP 2022 information brochure. COAP Registration number is mandatory to apply for M.Tech at IIT Kanpur admission portal. Candidates who have not qualified GATE are communicated directly by the department via e-mail.
A valid GATE score is required for admission to the M.Tech programme in the case of regular (non-sponsored) candidates. The requirement of GATE score is waived off for the candidates with MBBS degree as well as for the BTech graduates from IITs with a minimum overall CPI of 6.5 and a minimum CPI of 8.0 in the last two years in BTech. Additionally, A bachelor's degree in Engineering or Science (four-year programme) or a master's degree in Science with marks/ CPI not below the specified minimum is required for M.Tech admission.
The total tuition fee for M.Tech courses at IIT Kanpur ranges between INR 20,000 to INR 77,000. This fee, however, is sourced from unofficial sources. Hence, is indicative. But as per the official details and fee calculation as per the semester-wise fee break up available for 2021-22 academic year, the total fee for M.Tech stands close to INR 77,000. This amount is  inclusive of Hostel Seat Rent as per the guidelines issued by IIT Kanpur but is not inclusive of the Hostel Admission Fee components since day scholars are not charged hostel admission fee, hostel caution money, water charges and mess establishment charges.
Candidates seeking admission to M.Tech at the Indian Institute of Technology, Kanpur must have passed a bachelor's degree in Engineering or Science (4-year course) or must have completed their master's degree in Science with marks not below the specified minimum. A relaxation of 5% aggregate or 0.5 CPI is offered to SC/ST/PwD category candidates on the minimum eligibility score. Additionally, a valid GATE score is required for admission to the M.Tech programme in the case of regular (non-sponsored) candidates. The requirement of GATE score is waived for the candidates with a BTech/BS (4-year) degree from IITs with a minimum overall CPI of 6.5 and a minimum CPI of 8.0 in the last two years in BTech/BS (4-year).
At the PG level, IIT Kanpur offers a regular Master of Science (MSc) and MS by Research programme of two years duration to the students. The mode of education for the programme is full-time. Admission to the MSc and MS programmes is completely entrance exam-based.
Master of Business Administration(MBA) is two-year course offered via the Department of Management Sciences (DoMS). Divided into four semesters, the programme includes compulsory and elective courses and a capstone project in the interest area of the participant.Admission to MBA course at IIT Kanpuris based on CAT score and eligibility criteria.
Candidates seeking admission to IIT Kanpur for MBA must meet the minimum eligibility criteria and have a valid score in the CAT exam. All the eligibility and final selection requirements for MBA at IIT Kanpur are as follows:
Particulars
Admission Details
Eligibility
- CAT score of 80 percentile and above for General, OBC (NCL) and EWS (55 percentile and above for SC/ ST)
- A pass in BTech/ BE/ BArch with Mathematics as one of the subjects or a four-year degree leading to BSc in Engineering/ BSc/ MSc/ MA in Economics with Maths as a subject with at least 60% or 6.0 CPI on a 10 point scale for General, OBC (NCL) and EWS (50% or 5.0 CPI out of 10 for SC/ST)
Selection
CATpercentile, academic background, work experience and GDPI
The application fee for various category students for the MBA programme offered at IIT Kanpur is given below:
Category
Application Fee
General
INR 1,600
SC/ST/EWS/DAP (Differently Abled Person)
INR 800
The overall highest package has not been disclosed for the 2024 drive. The IIT Kanpur highest package offered to the MBA batch 2024 was INR 24 LPA. Earlier, the highest package offered during 2023 placements was the same, i.e. INR 24 LPA. Take a look at the table below to know the IIT Kanpur highest package trends for MBA:
Course
Highest Package (2022)
Highest Package (2023)
Highest Package (2024)
MBA
INR 22 LPA
INR 24 LPA
INR 24 LPA
Yes, candidates seeking admisison to the Indian Institute of Technology, Kanpur can apply online from the official website of the institute. The application process for MBA is completely online. After application, students are required to appear for the MBA selection rounds and qualify them to secure their seats. The step-wise IIT Kanpur application process is given below:
Read more on the IIT Kanpur MBA course, its fee and its eligibility here.

ADMISSION HIGHLIGHTS:
Particulars | IIT Kanpur Admission Highlights 2025
Mode of study | Full-time/ Offline
Programmes Offered | 9 (excluding specialisations)
How to apply? | https://www.iitk.ac.in/
Level of programmes offered | UG, PG & Doctoral
Popular programmes | BTech| MBA| BSc| MTech"
4,IIT Kanpur - Indian Institute of Technology,3India Today ' 23Not RankedTimes ' 24Not RankedOutlook ' 24,N/A,https://www.shiksha.com/college/iit-kanpur-indian-institute-of-technology-25116/courses,M.E./M.Tech,https://www.shiksha.com/college/iit-kanpur-indian-institute-of-technology-25116/courses/me-mtech-bc,Eligibility Criteria Accepted Exam GATE COAP + 1 more Graduation score 55%,"IIT Kanpur offers a two-year MTech programme across 15 specialisations. Admission to this course is based on GATE score followed by counselling. Eligible students seeking admission must qualify the entrance exam for admission to IIT Kanpur. More details regarding IIT Kanpur MTech admission are mentioned below on this page. IIT Kanpur MTech Admission 2024: Eligibility, Fee and Selection Offered across 15 specialisations, admission to IIT Kanpur is subject to a valid score obtained by the students in the GATE exam. Check out the eligibility and selection criteria for this below: Total tuition fee: INR 20,000 - INR 77,000 Seat intake: 736* Eligibility: A bachelor's degree in Engineering or Science (4-year course) or a master's degree in Science with marks not below the specified minimum. A relaxation of 5% aggregate or 0.5 CPI is offered to SC/ST/PwD category candidates on the minimum eligibility score. Selection: A valid GATE score is required for admission to the MTech programme in the case of regular (non-sponsored) candidates. The requirement of GATE score is waived off for the candidates with a BTech/BS (4-year) degree from IITs with a minimum overall CPI of 6.5 and a minimum CPI of 8.0 in the last two years in BTech/BS (4-year). Admission Process: Admission offers for GATE- qualified candidates are displayed on the Common Offer Acceptance Portal (COAP). Students must register at the COAP portal to view and accept their offers. Registration on the COAP portal is free. Watch the below video to know more about IIT Kanpur MTech: Read more","IIT Kanpur M.E./M.Tech What’s new? The GATE COAP 2025 registration is open for the ME/MTech courses , and the deadline is May 15, 2025 . Further, the GATE COAP 2025 round 1 window to view offers and take a decision will be opened on May 17, 2025 (10 AM).","IIT Kanpur course admission2025is primarilyentrance-based. Admission to all courses is based on scores obtained in the entrance examinations such asGATE, IIT JAM, CEEDandCAT. BTech is the flagship course of IIT Kanpur. Apart from its flagship programme,the Indian Institute of Technology (IIT Kanpur)also offers BSc, BS, MTech, MSc, MDes and MBA, along with a few Dual Degree programmes. Along with UG and PG courses, IIT Kanpur also offers PhD in various specialisations. Read the following article to know in-depth about the courses, eligibility, fees, and admission process of IIT Kanpur.
The infographic given below demonstrates the admission process atIIT Kanpur:
IIT Kanpur course admissionbegins with the application process of the accepted entrance exams. BTech is the flagship course of this institute.IIT Kanpur admissions are entrance-based. The institute offers courses such as BTech, MBA, BSc, MTech, etc. Students can check the table to check out the key highlights forIIT Kanpur admission:
Particulars
IIT Kanpur Admission Highlights 2025
Mode of study
Programmes Offered
How to apply?
https://www.iitk.ac.in/
Level of programmes offered
Popular programmes
Indian Institute of Technology (IIT Kanpur)offers a range of UG, PG, and doctoral courses inEngineering,ManagementandScience, among others, admission to which is completely an online process conducted via the relevant exam and their conducting bodies. Additonally, the institute also offers Certificate courses to students. The below table mentions allIIT Kanpur coursesalong with their eligibility and selection criteria:
Class 12 with 75% aggregate from a recognised board
JEE Main+ JEE Advanced +JoSAA Counselling
Class 12 with 75% aggregate from a recognised board
JEE Main +JEE Advanced+ JoSAA Counselling
Any four-year UG degree from a recognised university
GATE+COAPCounselling
Bachelor’s degree in a relevant Science discipline from a recognised university
IIT-JAM+CCMNcounselling
UG degree with 60% aggregate (55% aggregate for SC/ ST) from a recognised university
CAT+ academic background + work experience + GDPI
Master's degree in relevant field from a recognised university
GATE| CEED|UGC NET| IIT JAM| JEST| CAT|GMAT
IIT Kanpur feesconsist of multiple components like tuition, one-time and hostel fees. Students need to pay the course tuition fee semester-wise. For further queries such as TFW, students can contact the admission cell of the institute. Students who have graduated from IIT Kanpur can expect a handsome package as the institute is one of the top institutions of the country. The table mentioned below contains details forIIT Kanpur feesand average package:
Check:IIT Kanpur Fee Structure
NOTE:The above-mentioned fee is taken from an official source/sanctioning body. Hence, it may vary.
IIT Kanpur is one of the rankedIITs in India. Students can check the below infographic to know if IIT Kanpur is worth taking admission to:
Theseat allotment at IITsis carried out as per theJoSAA seat matrix. For seat allotment, candidates have to participate in the counselling procedure. Find below theIIT Kanpur seat intakefor some of the courses:
IIT Kanpur has a multi-step admission process which students need to follow to get into the institute. The process includes appearing for the relevant entrance exam, application process, counselling and subsequent admission.The JEE Advanced 2025 official website has launched with the new eligibility criteria. As per the official website, candidates can now attempt theJEE Advanced 2025 exama maximum of three times in three consecutive years.A step-by-stepadmission process of IIT Kanpuris as mentioned below:
Step 1: IIT Kanpur Application Process
Students interested in getting into IIT Kanpur can submit the online application form for course-specific entrance exams or college depending on the course they wish to get into. Students can register to the below-mentioned list to learn about the entrance tests required for some of thepopular IIT Kanpur courses:
Step 2: IIT Kanpur University Selection Criteria & Release of Merit List
After completion of the registration process, applicants need to go through the course-based entrance exam followed by other selection rounds (if applicable). After the selection rounds are completed, they need to go through the course-wise counselling process for final seat allocation. ForPhDandMBA, merit lists are released on the official website (with the names of the shortlisted students).Check the IIT Kanpur cutoff.
Step 3: Admission Confirmation at IIT Kanpur
After completion of the selection rounds, applicants who are shortlisted can submit the admission charges and confirm their admission to the relevant course at IIT Kanpur.
For more information about IIT Kanpur - Indian Institute of Technology check out the below videos:
No, IIT Kanpur only offers merit-based admission for all the courses. It accepts JEE Advanced scores for admission to BTech. Candidates are required to qualify JEE Main exam prior to appearing for JEE Advanced. Apart from its flagship programme, Indian Institute of Technology (IIT Kanpur) offers BSc, BS, MTech, MSc, MDes, MBA, along with a few Dual Degree programmes. Admission to all courses is based on scores obtained in the entrance examinations such as GATE, IIT JAM, CEED and CAT. Along with UG and PG courses, IIT Kanpur also offers PhD in various specialisations, admisison to which again is entrance-based.
Check below IIT Kanpur admission process:
IIT Kanpur JAM Cutoff 2024 has been released for Round 2. The most competitive course was M.Sc in Statistics, with the Cutoff of63. For the OBC AI category candidates, the Cutoff stood at187, for M.Sc in Statistics.
If the Cutoff rank is more than 63, there is no scope of admission to IITs for M.Sc in Statistics.
As of now, the institute has released the phase-I placement statistics. A total of 913 students were placed and 989 job offers were distributed among them. Check the complete insights of IIT Kanpur placements 2024 from the table below:
Particulars
Placement Statistics (2024) Phase I
Total job offers
989
Average package
INR 26.27 LPA
Students placed
913
International offers
22
Not getting into IIT Kanpur or any other top IIT shouldnot be considered an end to a student’s career. WhileIIT Kanpur average packageis INR 18.14 LPA for its 2023 placements batch,can IIT Kanpur guaranteethe same for each and every student of the batch? The answer is no. What truly matters is a student’s dream to pursue a career in Engineering and as long as they are ready to work on their learning and are focused towards achieving their goal, they must not feel defeated in case of not getting into IIT Kanpur.
Additionally, students always have an option togo for other good private and government universitiesand colleges to pursue their BTech degree. Some of these options are as follows:
BTech College Name
Avg/ Median Package
Total Tuition Fee (BTech)
BTech Admission Process
NIT Tiruchirapalli
(NIRF Rank 9)
INR 12 LPA
INR 5 lakh
Class 12 with PCM/ PBM +JEE Main+JoSAA Counselling
Jadavpur University
(NIRF Rank 10)
INR 10 LPA
INR 9,600 - INR 1.2 lakh
Class 12 with a minimum aggregate of 60% +WBJEE+ Counselling
VIT Vellore
(NIRF Rank 11)
INR 9.23 LPA
INR 4.9 lakh - INR 7.8 lakh
Class 12 with PCM/ PCB with at least 60% (50% for SC/ ST and others) +VITEEE+ Counselling
Amrita School of Engineering, Amrita Vishwa Vidyapeetham
(NIRF Rank 19)
INR 4.50 LPA
INR 10 lakh - INR 17 lakh
Class 12 with a minimum 45% of aggregate + JEE Main,TNEA,AEEE
BITS Pilani
(NIRF Rank 25)
INR 30.37 LPA
INR 20 lakh
Class 12 with minimum of 75% + BITSAT
Jamia Millia Islamia
(NIRF Rank 26)
INR 10 LPA
INR 64,600
Class 12 with PCM with 55%/ 3-4 year diploma with 55% +JEE Main
SRM IST
(NIRF Rank 28)
INR 9.5 LPA
INR 5 lakh - INR 12 lakh
Class 12 with minimum 50%- 60%  + JEE Main,SRMJEE,TANCET,SAT India
Amity University
(NIRF Rank 31)
INR 5.50 LPA
INR 7.5 lakh - INR 25.9 lakh
Class 12 with PCM/ PCB with an aggregate of 60% (55% for Sponsored students) + PI
Chandigarh University
(NIRF Rank 38)
INR 9.54 LPA
INR 4.7 lakh - INR 14.6 lakh
Class 12 with at least 50-60% aggregate +CUCET/JEE Main
LPU
(NIRF Rank 50)
INR 8.0 LPA
INR 8.4 lakh - 16 lakh
Class 12 with PCM/PCB with 60% +LPUNEST/JEE Main/CUET(KQ Test + Interview for BTech CSE-Software Production)
IIT Kanpur offers a Full Time BE/BTechthat lasts 4 years. To get into this programme, students need to have good scores in the JEE Main exam. Below is more information about the eligibility requirements, selection criteria, and fees forIIT Kanpur BTech admission 2025.
Check the below infographic for the comparison between other top IITs:
The total fee ranges from INR 8 lakh. However, this fee is sourced from unofficial sources. Hence, is indicative. For the exact fee, students can reach out to the admission office. Other than this, students are required to pay the JEE Main application fee which is INR 625 (for boys) and INR 325 (for girls). For JEE Advanced, the application fee ranges from INR 1,400 to INR 2,800 for different category students.Read more around IIT Kanpur BTech course, fee & eligibility here.
Admission to the BTech programme at IIT Kanpur is entrance exam-based, i.e., based on JEE Main followed by JEE Advanced scores. Candidates seeking admission to BTech can not get admission to IIT Kanpur with only the scores of JEE Main. JEE Advanced followed by JoSAA counselling is the final selection criteria followed by the institute. However, to be eligible for the BTech programme, students are required to have passed their Class 12 with at least 75% aggregate with Science subjects (i.e., Physics, Chemistry and Mathematics).Read on to know more around IIT Kanpur BTech course.
IIT Kanpur BTech cutoff 2024has been released across multiple specialisations. Based on the Round 1 seat allotment, the BTech cutoff scores ranged between248and,10037for the General AII India category students. Among all the BTech specialisations,BTech in CSEis the most competitive specialisation. The Last Round for Computer Science and Engineering is 248 for the General AI category.
Furthermore, according toIIT Kanpur OBC AI category cutoff 2024,the Last Round closing rank for Computer Science and Engineering is 129.In addition, the cutoff varied from129to4405in the OBC category. For more information,click here.
Yes, IIT Kanpur also offers an option of a dual degree, i.e., Bachelors-Masters Dual Degree to the students. A student earns both a bachelor’s and a master’s degree at the end of this five-year course. The dual degree programme has three categories:
At the undergraduate level, IIT Kanpur offers a regularBachelor of Science(BS or BSc)programme of four-year duration. The mode of education for the programme is full-time and it provides both theoretical and practical knowledge in the field of Science. The basic eligibility criteria for admission inBSc at IIT Kanpuris passing Class 12 or its equivalent in the Science stream with a minimum aggregate of 75% from a recognised board.
Those seeking admission in the BSc programme offered at IIT Kanpur must have cleared their Class 12 or its equivalent with a minimum aggregate of 75% from a recognised board. The institute offers a multitude of specialisations for the BSc programme. Interested students can visit the official website of IIT Kanpur to know more about the course.
IIT Kanpur offers undergraduate degree in BSc across a variety of specialisations. Eligible students can pursue the following specialisations of BSc at IIT Kanpur:
IIT Kanpur offersMTechfor a duration of two years across fifteen specialisations. Admission to theMTech course offered at IIT Kanpuris based on aGATEscore followed by counselling. Eligible students seeking admission must qualify for the entrance exam for admission to IIT Kanpur. The basic eligibility for the programme is Graduation with a minimum aggregate of 55%-60% from a recognised university. The institute offers courses across several specialisations such asMTech in Mechanical Engineering,Computer Science and Engineering,Aerospace Engineeringand more.
No, there is no interview round for M.Tech admission at IIT Kanpur. Admission offers for GATE-qualified candidates are displayed on the Common Offer Acceptance Portal (COAP). Students must register at the COAP portal to view and accept their offers. Registration on COAP portal is free. Additionally, candidates are advised to download COAP 2022 information brochure. COAP Registration number is mandatory to apply for M.Tech at IIT Kanpur admission portal. Candidates who have not qualified GATE are communicated directly by the department via e-mail.
A valid GATE score is required for admission to the M.Tech programme in the case of regular (non-sponsored) candidates. The requirement of GATE score is waived off for the candidates with MBBS degree as well as for the BTech graduates from IITs with a minimum overall CPI of 6.5 and a minimum CPI of 8.0 in the last two years in BTech. Additionally, A bachelor's degree in Engineering or Science (four-year programme) or a master's degree in Science with marks/ CPI not below the specified minimum is required for M.Tech admission.
The total tuition fee for M.Tech courses at IIT Kanpur ranges between INR 20,000 to INR 77,000. This fee, however, is sourced from unofficial sources. Hence, is indicative. But as per the official details and fee calculation as per the semester-wise fee break up available for 2021-22 academic year, the total fee for M.Tech stands close to INR 77,000. This amount is  inclusive of Hostel Seat Rent as per the guidelines issued by IIT Kanpur but is not inclusive of the Hostel Admission Fee components since day scholars are not charged hostel admission fee, hostel caution money, water charges and mess establishment charges.
Candidates seeking admission to M.Tech at the Indian Institute of Technology, Kanpur must have passed a bachelor's degree in Engineering or Science (4-year course) or must have completed their master's degree in Science with marks not below the specified minimum. A relaxation of 5% aggregate or 0.5 CPI is offered to SC/ST/PwD category candidates on the minimum eligibility score. Additionally, a valid GATE score is required for admission to the M.Tech programme in the case of regular (non-sponsored) candidates. The requirement of GATE score is waived for the candidates with a BTech/BS (4-year) degree from IITs with a minimum overall CPI of 6.5 and a minimum CPI of 8.0 in the last two years in BTech/BS (4-year).
At the PG level, IIT Kanpur offers a regular Master of Science (MSc) and MS by Research programme of two years duration to the students. The mode of education for the programme is full-time. Admission to the MSc and MS programmes is completely entrance exam-based.
Master of Business Administration(MBA) is two-year course offered via the Department of Management Sciences (DoMS). Divided into four semesters, the programme includes compulsory and elective courses and a capstone project in the interest area of the participant.Admission to MBA course at IIT Kanpuris based on CAT score and eligibility criteria.
Candidates seeking admission to IIT Kanpur for MBA must meet the minimum eligibility criteria and have a valid score in the CAT exam. All the eligibility and final selection requirements for MBA at IIT Kanpur are as follows:
Particulars
Admission Details
Eligibility
- CAT score of 80 percentile and above for General, OBC (NCL) and EWS (55 percentile and above for SC/ ST)
- A pass in BTech/ BE/ BArch with Mathematics as one of the subjects or a four-year degree leading to BSc in Engineering/ BSc/ MSc/ MA in Economics with Maths as a subject with at least 60% or 6.0 CPI on a 10 point scale for General, OBC (NCL) and EWS (50% or 5.0 CPI out of 10 for SC/ST)
Selection
CATpercentile, academic background, work experience and GDPI
The application fee for various category students for the MBA programme offered at IIT Kanpur is given below:
Category
Application Fee
General
INR 1,600
SC/ST/EWS/DAP (Differently Abled Person)
INR 800
The overall highest package has not been disclosed for the 2024 drive. The IIT Kanpur highest package offered to the MBA batch 2024 was INR 24 LPA. Earlier, the highest package offered during 2023 placements was the same, i.e. INR 24 LPA. Take a look at the table below to know the IIT Kanpur highest package trends for MBA:
Course
Highest Package (2022)
Highest Package (2023)
Highest Package (2024)
MBA
INR 22 LPA
INR 24 LPA
INR 24 LPA
Yes, candidates seeking admisison to the Indian Institute of Technology, Kanpur can apply online from the official website of the institute. The application process for MBA is completely online. After application, students are required to appear for the MBA selection rounds and qualify them to secure their seats. The step-wise IIT Kanpur application process is given below:
Read more on the IIT Kanpur MBA course, its fee and its eligibility here.

ADMISSION HIGHLIGHTS:
Particulars | IIT Kanpur Admission Highlights 2025
Mode of study | Full-time/ Offline
Programmes Offered | 9 (excluding specialisations)
How to apply? | https://www.iitk.ac.in/
Level of programmes offered | UG, PG & Doctoral
Popular programmes | BTech| MBA| BSc| MTech"
5,IIT Kharagpur - Indian Institute of Technology,Salary :  24.00 Lakh,4India Today ' 23Not RankedTimes ' 24Not RankedOutlook ' 24,https://www.shiksha.com/college/iit-kharagpur-indian-institute-of-technology-2999/courses,B.E. / B.Tech,https://www.shiksha.com/college/iit-kharagpur-indian-institute-of-technology-2999/courses/be-btech-bc,Eligibility Criteria Accepted Exam JEE Advanced JEE Main + 1 more 10+2 score 75%,"IITKGP BTech is a flagship programme offered to students willing to make a career in the field of Engineering. Offered with 15 specialisations , this programme runs for a duration of four years . The mode of education is full-time . Along with this, the institute offers a five-year Integrated BTech + MTech programme . Apart from these two courses, it also offers BTech in the parent department combined with MTech in Entrepreneurship Engineering via Rajendra Mishra School of Engineering Entrepreneurship (Coordinating Department) and a BTech in the parent department combined with MTech in Financial Engineering via Vinod Gupta School of Management (Coordinating Department). The details about BTech at IIT Kharagpur is described in detail in the below infographic: Note: This information is sourced from official website/sanctioning body and is subject to change. IIT Kharagpur BTech admissions are completely entrance-based. The institute offers admissions to its BTech courses based on JEE Advanced scores. To get admission, the students are required to participate in the JoSAA counselling process. Some of the key highlights for the programme are as follows: Particulars IITKGP BTech Highlights Number of specialisations 15 Common eligibility Aspirants who have completed Class 12 with a minimum of 75% aggregate in PCM are eligible to pursue BTech courses Selection criteria JEE Main + JEE Advanced (Followed by JoSAA Counselling) IIT Kharagpur BTech Fees 2025 The fee structure of IIT Kharagpur courses includes various components, such as admission fees, caution deposit and program fees. As per the official website, the total tuition fees for BTech courses are from INR 8 to INR 10 lakh. Apart from this, selected students must pay the one-time fee of 6,500 along with the tuition fees to secure their admission. Students who wish to know the complete fee structure can visit the IITKGP fee page . Note: The above-mentioned information has been taken from various official sources. However, it is subject to change. Hence, it is indicative. Check the below table to know more about IIT Kharagpur BTech courses : Read more","IIT Kharagpur B.E. / B.Tech What’s new? The JEE Main Session 2 result 2025 has been released for admission to BE/BTech courses . Candidates who appeared for the exam can log in and check or download their scorecards from the official website. The JEE Advanced 2025 registration window for the BTech course is now open, and the last date to register is May 2, 2025 . To confirm the registration process, candidates must pay their registration fee latest by May 5, 2025 . In addition, the JEE Advanced 2025 examination will be held on May 18, 2025 .","IIT Kharagpur admission 2025 is currently open for the MSc, BArch and MTech courses. For its flagship BTech programme, the institute accepts JEE Advanced scores for admission. Candidates are required to qualifyJEE Mainexam before appearing for JEE Advanced. Additionally, the institute accepts CAT scores for admission to MBA. Apart from its flagship program,IIT Kharagpuroffers BSc/BS, Integrated MTech, Integrated MSc, LLM, MBA, and E-MBA, along with PhD programmes to the students. Admission to allIIT Kharagpur coursesis based on scores obtained in the entrance examinations such as GATE, IIT JAM, and CAT exams, among others.
Students applying for BTech at IIT Kharagpur need to start with registration for JEE Main followed by appearing for the exam and counselling. Below is detailed infographic on IIT Kharagpur admission process for the reference of the students:
IIT Kharagpur Admission Highlights 2025
IIT Kharagpur, renowned for its flagship BTech programme, admits students based on JEE Advanced scores, requiring qualification in the JEE Main exam. For MBA admissions, CAT scores are accepted. In addition to the flagship BTech, the institute offers diverse programs like BSc/BS, Integrated MTech, Integrated MSc, LLM, MBA, and E-MBA, along with PhD programmes. Admissions to all courses are determined by scores fromIIT Kharagpur examssuch as GATE, IIT JAM, and CAT. Explore the 2025 admission highlights below:
Particulars
IIT Kharagpur Admission 2025 Highlights
Mode of study
Regular/ Full-Time
Programmes Offered
How to apply?
jeemain.nta.nic.in (BTech)
gate2025.iisc.ac.in (MTech)
Level of programmes offered
Undergraduate, Postgraduate & Doctoral-level courses
Popular programmes
BTech|MTech|PhD
NOTE:The information available in the above table is sourced from various sources on the internet. Hence, is indicative.
IIT Kharagpur admission is completely entrance-based. Students are selected based on various national-level entrance exams like JEE Main,JEE Advanced,GATE, etc. Indian Institute of Technology (IIT Kharagpur) offers a range of UG, PG, and doctoral courses in Engineering, Management and Science, among others, admission to which is completely an online process conducted via the relevant exam and their conducting bodies. The below table mentions the eligibility and selection for allUG, PG and doctoral-level programmes offered by IIT Kharagpur:
Class 12 with 75% aggregate
JEE Main+JEE Advanced+JoSAA Counselling
Integrated MTech
Class 12 with 75% aggregate
JEE Main + JEE Advanced + JoSAA Counselling
MTech MCP-PhD
UG degree with 60% aggregate
CAT+ Personal Interview (PI)
Class 12 with 75% aggregate
JEE Main + JEE Advanced +JoSAA Counselling
Class 12 with 75% aggregate
JEE Main + JEE Advanced + JoSAA Counselling
LLB degree with 55%
Computer Based Test (CBT) and PI
4-year UG or PG degree with 55%
CAT+ PI
UG degree with at least 60% + 3 years of experience
Written Test and PI
Master's degree with 55%
GATE/JRF/ NET/JEST/CSIR- NET JRF/ COGJET/CAT/GMAT/CEED/ Institute-level test PI
To check out the admission process for other IIT KGP UG & PG courses,make your course selection here
The IIT Kharagpur fees encompass several elements, including tuition fees, hostel fees, admission fees, caution deposits, and more. Certain components are one-time charges included in the overall course fee. Throughout the course, candidates are required to pay fees on a semester-wise basis. The table below outlines the tuition fees specific to each course:
Download:IIT Kharagpur Fees
IIT Kharagpur is one of the ranked IITs of India. Students can check the below infographic to know if IIT Kharagpur is worth taking admission in:
IIT Kharagpur Seats 2025
The seat allotment at IITs is carried out as per the JoSAA seat matrix. For seat allotment, candidates have to participate in the counselling procedure. Find below the IIT Kharagpur seat intake for some of the courses:
IIT Kharagpur has a multi-step admission process which students need to follow to get into the institute. Beginning with the application, interested candidates are required to go through the course-specific entrance exam followed by other selection rounds (if applicable). After the selection rounds are over, students are required to go through the exam-specific counselling process for final seat allotment. A step-by-step process of admission is as mentioned below:
Step 1: IIT Kharagpur Application Process 2025
Students interested in getting into IIT Kharagpur must submit the online application form for course-specific entrance exam or college depending on the course they wish to get into.
Step 2: IIT Kharagpur University Selection Criteria 2025 & Release of Merit List
After submission of the applications, applicants are required to go through the course-based entrance exam followed by other selection rounds (if applicable). After the selection rounds are completed, they are required to go through the course-wise counselling process for final seat allocation. For PhD, LLM and MBA, merit lists are released on the official website (with the names of the shortlisted students).
Step 3: Admission Confirmation at IIT Kharagpur
After completion of the selection rounds, students who are shortlisted can submit the admission charges and confirm their admission to the relevant course at IIT Kharagpur.
The right approach and a preparation plan for admission to BTech at IIT Kharagpur is all that is needed to ace JEE Main. While students who are serious about getting into an IIT start preparing from Class 11, a prep strategy for the exam is mentioned below:
While the short-term goal must be to clear JEE Main, the ultimate objective must be to qualify JEE Advanced exam, check out thepreparation strategy for JEE Advanced.
Quick Links
IIT Kharagpur Courses and Fees
IIT Kharagpur Students Reviews
Joint MTech/ MCP-PhD Brochure
IIT Kharagpur Placement Brochure
For more information about IIT Kharagpur check out the below video:
The minimum percentage required for admission to IIT Kharagpur is different for different courses. However, IIT Kharagpur admission is completely entrance-based. Students are selected based on various national-level entrance exams like JEE Main, JEE Advanced, GATE, etc. The below table mentions the minimum percentage required by the students in the last qualifying degree to be eligible for some of the popularIIT KGP courses:
4-year UG or PG degree with 55%
Popular Courses at IIT-KGP
Eligibility & Selection Criteria
BTech
Class 12 with 75% aggregate
Integrated MTech
Class 12 with 75% aggregate
MTech MCP-PhD
UG degree with 60% aggregate
BArch
Class 12 with 75% aggregate
BSc
Class 12 with 75% aggregate
PhD
LLB degree with 55%
BTech
E-MBA
UG degree with at least 60% + 3 years of experience
PhD
Master's degree with 55%
Read more onIIT KGP Admission Processhere.
No, IIT Kharagpur does not offer direct admission to the students. Admission to all the courses is either entrance-based or is subject to rigorous selection rounds inclusive of Personal Interviews conducted by the institute. The institute accepts JEE Advanced scores for admission to BTech. Candidates are required to qualify JEE Main exam prior to appearing for JEE Advanced. Apart from its flagship program,IIT Kharagpuroffers BSc/BS, Integrated MTech, Integrated MSc, LLM, MBA, E-MBA, along with PhD programmes to the students and admission to all courses is based on scores obtained in the entrance examinations such asGATE,IIT JAMandCATexams, among others.
The answer is no. It is possible to get admission in any IIT with JEE Main score provided a student also qualifies the JEE Advanced exam. As per the official details of IIT Kharagpur admission, admission to IIT KGP fBTech programme is subject to a valid score in JEE Main and JEE Advanced followed by JoSAA Counselling. Additionally, students must have also completed their Class 12 with 75% aggregate (for the General category).
However, there are other courses offered at IIT Kharagpur which does not require a student to have a score in JEE Advanced, such as LLM, PhD and MBA. If the dream is just to study at IIT Kharagpur, students can also opt for other courses basis their current eligibility and course requirements.
For more details on the subject, students can reach out to the admission office.
Yes, you can join IIT Kharagpur after completing your 12th grade. To be eligible for B.Tech, B.A, or B.Arch admissions at IIT Kharagpur, students must have passed Class 12th from a recognised board with a minimum of 75% marks in the Science stream. The admission process involves shortlisting based on national-level entrance exams like JEE Main and JEE Advanced. Once shortlisted, students need to participate in the Joint Seat Allocation Authority (JoSAA) counselling for final seat allocation.
IIT Kharagpur provides a full-time BE/BTech programme that takes 4 years to complete. To be admitted to this programme, students must have good scores in the JEE Main exam. Find below the IIT Kharagpur BTech College Comparison infographic:
IIT Kharagpur BTech feesis between INR 8 Lacs and INR 10 lakh. However, this fee is been sourced from unofficial sources. Hence, is indicative. For the exact fee, students can reach out to the admission office. Other than this, students are required to pay the JEE Main application fee which is INR 625 (for boys) and INR 325 (for girls). For JEE Advanced, the application fee ranges from INR 1,400 to INR 2,800 for different category students. Read more aboutIIT-KGP BTech fee and other details here.
To answer the second question of whether IIT Kharagpur BTech fee is expensive or not, the fee for all IITs is almost similar to each other. However, it is comparatively less than top private BTech colleges such as BITS where the BTech tuition fee goes up till INR 19 lakh.
Not getting into IIT Kharagpur or any other top IIT shouldnot be considered an end to a student’s career. WhileIIT Kharagpur average packageis INR 18.75 LPA for its 2023 placements batch,can IIT Kharagpur guaranteethe same for each and every student of the batch? The answer is no. What truly matters is a student’s dream to pursue a career in Engineering and as long as they are ready to work on their learning and are focused towards achieving their goal, they must not feel defeated in case of not getting into IIT Kharagpur.
Additionally, students always have an option togo for other good private and government universitiesand colleges to pursue their BTech degree. Some of these options are as follows:
BTech College Name
Avg/ Median Package
Total Tuition Fee (BTech)
BTech Admission Process
NIT Tiruchirapalli
(NIRF Rank 9)
INR 12 LPA
INR 5 lakh
Class 12 with PCM/ PBM +JEE Main+JoSAA Counselling
Jadavpur University
(NIRF Rank 10)
INR 10 LPA
INR 9,600 - INR 1.2 lakh
Class 12 with a minimum aggregate of 60% +WBJEE+ Counselling
VIT Vellore
(NIRF Rank 11)
INR 9.23 LPA
INR 4.9 lakh - INR 7.8 lakh
Class 12 with PCM/ PCB with at least 60% (50% for SC/ ST and others) +VITEEE+ Counselling
Amrita School of Engineering, Amrita Vishwa Vidyapeetham
(NIRF Rank 19)
INR 4.50 LPA
INR 10 lakh - INR 17 lakh
Class 12 with a minimum 45% of aggregate + JEE Main,TNEA,AEEE
BITS Pilani
(NIRF Rank 25)
INR 30.37 LPA
INR 20 lakh
Class 12 with minimum of 75% + BITSAT
Jamia Millia Islamia
(NIRF Rank 26)
INR 10 LPA
INR 64,600
Class 12 with PCM with 55%/ 3-4 year diploma with 55% +JEE Main
SRM IST
(NIRF Rank 28)
INR 9.5 LPA
INR 5 lakh - INR 12 lakh
Class 12 with minimum 50%- 60%  + JEE Main,SRMJEE,TANCET,SAT India
Amity University
(NIRF Rank 31)
INR 5.50 LPA
INR 7.5 lakh - INR 25.9 lakh
Class 12 with PCM/ PCB with an aggregate of 60% (55% for Sponsored students) + PI
Chandigarh University
(NIRF Rank 38)
INR 9.54 LPA
INR 4.7 lakh - INR 14.6 lakh
Class 12 with at least 50-60% aggregate +CUCET/JEE Main
LPU
(NIRF Rank 50)
INR 8.0 LPA
INR 8.4 lakh - 16 lakh
Class 12 with PCM/PCB with 60% +LPUNEST/JEE Main/CUET(KQ Test + Interview for BTech CSE-Software Production)
The cut off rank in Round 6 for BTech (Hons) in Mechanical Engineering is 3294 which is very close to this range. This was for general category under All India quota. Unless the candidate belongs to some other category or domicile, one can not afford to score less than this. With this rank, there is a probability of getting admission however since, the cut offs keep changing from round to round, better ranks definitely increases your chances of getting admission in IIT Kharagpur.
Indian Institute of Technology Kharagpur and IIT Bombay are one of the best colleges in India that provides BTech along with various other programmes to students. They both are among the top-ranked Indian colleges. IIT Bombay is ranked three by NIRF 2023 for Engineering and IIT Kharagpur is ranked fifth by NIRF 2024 for Engineering. One can say that in some areas, one is the best while in some areas, the other college is the best. While both of them have IIT branding attached to them, a student might not be comfortable with one of these locations. Hence, considering the final decision depends on the quality of education, branches one is seeking to get into, location, affordability, and lot of other factors. So the candidates must decide themselves according to their own interests which one is the best.
At the postgraduate level, IIT Kharagpur offers aJoint MTech-PhDorMCP (City Planning)-PhDto students across42 specialisations. Admission to these courses is subject to a valid score on theGATEexam.
To be eligible for IIT Kharagpur's Joint MTech/MCP PhD programme, candidates need a BE/BTech/BArch degree or a master's in Science/Arts with a minimum of 60% aggregate (55% for SC/ST/PwD). Qualifications from exams by recognised professional societies are also accepted. Applicants must have a valid GATE score relevant to their qualifying discipline, and in the absence of a specific GATE paper, XE/XL/XH papers can be considered. NET-qualified candidates with a fellowship in MA/MSc Economics/Sociology/Geography, having studied Mathematics/Statistics, are eligible for MCP-PhD. A master's in Science requires a 60% or above aggregate (55% for Arts/Social Science subjects). GATE is the accepted entrance exam.
Admission to the M.Tech programme at IIT Kharagpur through GATE involves securing a GATE score and applying individually to each IIT. Shortlisting occurs, followed by interviews that might clash with different IITs. The number of applicants, shortlisted candidates, available seats, and interview performance impact the final selection. Some courses consider only GATE scores, and selected candidate lists are available on IIT portals or through COAP, a centralised platform for locking seats. Successful admission requires thorough preparation for technical interviews and adherence to specific procedures outlined by IIT Kharagpur.
Yes, IIT Kharagpur does accept GATE scores for admission to its M.Tech programme. Applicants must have a valid GATE score relevant to the discipline of their qualifying degree. In cases where there is no specific GATE paper available for a particular discipline, XE/XL/XH papers of the GATE examination can be considered. GATE is the accepted entrance exam for admission to IIT Kharagpur's M.Tech programme.
IIT Kharagpur offers a four-year BSc programme along with a five-year Integrated MSc programme across six specialisations each. Those willing to pursue a PG integrated course can take admission in BSc-MSc Integrated, criteria and admission process of which is same as that of BSc. Admission to both these courses is based on JEE Main and JEE Advanced scores followed by JoSAA counselling.
IIT Kharagpur also offers a Joint MSc-PhD course in eight specialisations. The duration for this course is five years and admission to the same is based onIIT JAMscore followed by the interview.
Joint Admission Test for MSc (JAM) is an all-India examination conducted jointly by Indian Institutes of Technology and Indian Institute of Science. JAM is an all India entrance examination for admission to MSc, Joint MSc-PhD, MSc-PhD dual degree and other post-UG degree programmes at IITs and IISc.
IIT Kharagpur via itsVinod Gupta School of Managementoffers a two-year MBA degree to students across seven specialisations and one micro specialisation. The flagship programme of Vinod Gupta School of Management (VGSOM), MBA is a residential programme for graduate Engineers and those with a master's degree in Science, Economics and Commerce.
For admission to MBA at VGSOM (IIT Kharagpur), candidates need to qualifyCATfollowed by group discussion and personal interview round. The minimum CAT percentile required is 90 for general category students. For NC-OBC and SC/ ST/ PwD the minimum CAT percentile required is 80 and 75 respectively.
To be eligible for admission to MBA at VGSOM, candidates must have the following:
Selection of candidates for admission to MBA at VGSoM, IIT Kharagpur is a two-step process. The applicants are shortlisted based on eligibility criteria and called for an online Personal Interview (PI). Final admission to MBA is offered on the basis of a cumulative score of the Application Rating (AR), performance score in CAT, and the candidate’s performance in the online PI round. PFB the minimum CAT percentile requirement for selection:
Category
Total Percentile
General/EWS
90
NC-OBC
80
SC
75
ST
75
PwD
75
The selection of candidates for admission to the MBA programme at VGSoM (IIT Kharagpur) is a two-step procedure. Applicants, who are shortlisted based on the eligibility criteria are called for an online Personal Interview (PI). Final admission to the MBA programme is then offered on the basis of a cumulative score of the application rating (AR), performance score in CAT 2024, and the candidate’s performance in the online PI process. Check out more details onIIT Kharagpur MBA selection process here.
IIT Kharagpur is one of the oldest and reputed institution in the country known for its Engineering education. However, the brand name is also a key factor for candidates while choosing it to pursue higher education in the field of Management, i.e., MBA. To support its reputation, ranking received by VGSOM (B-School of IIT Kharagpur) for MBA over the past three years by NIRF is as follows:
Ranking Body
2021
2022
2023
NIRF
9
14
14
Other than the ranking, the key highlights related to IIT Kharagpur MBA placements 2023 via VGSOM are tabulated below:
Particulars
Statistics
Total students placed
94
the highest salary
INR 43.37 LPA
Average salary
INR 21.04 LPA
Median salary
INR 22.13 LPA
Top recruiters
Accenture, Amazon, Berger, IBM, etc.
The institute has given weightage to all the sections in CAT cut-off for the final shortlisting of the students. For General category candidates, the minimum CAT overall percentile is 90. This is relaxed for reserved category students and stands at 80 percentile for NC-OBC category students and 75 for SC, ST and PwD students. However, for final admisison, there is only an overall cutoff. For General category candidates, minimum CAT percentile is 90. This will be relaxed for category students as per the Government of India norms.
IIT Kharagpur offers PhD courses to students at the doctoral level with a minimum and maximum duration of three and eight years, respectively. The area of research is available in 19 departments, 12 schools and 12 centres in the areas ofEngineering, Technology, Science, Architecture & Regional Planning, Humanities & Social Sciences, Rural Development, Law, ManagementandMedicine.
IIT Kharagpur offers a BArch programme of five-year duration to students who have qualifiedfor JEE Main (paper-II)followed byJEE Advanced. Aspirants qualifying the JEE Advanced exam need to qualify Architecture Aptitude Test (AAT) conducted by IIT Kharagpur for admission to the BArch programme followed by JoSAA counselling.
IIT Kharagpur offers a two-year LLM programme via Rajiv Gandhi School of Intellectual Property Law. The school, currently, offers Intellectual Property Rights specialisations but may expand to other specialisations, such as International Law and others in the future. Workshops, clinical legal courses, and courtroom exercises provide the students with in-house training in practical aspects during their course perusal.
IIT Kharagpur provides an M.Plan programme. To be eligible for this programme the aspiring candidates need a minimum of 60%.
IIT Kharagpur provides an MArch programme. The eligibility criteria for admission to the MArch programme is graduation with 60%.
IIT Kharagpur provides LLB programme.
IIT Kharagpur MA admission takes place through GATE. To be eligible for the MA programme the aspiring candidates need a BA degree.

ADMISSION HIGHLIGHTS:
Particulars | IIT Kharagpur Admission 2025 Highlights
Mode of study | Regular/ Full-Time
Programmes Offered | 14 courses across multiple specialisations
How to apply? | jeemain.nta.nic.in (BTech)gate2025.iisc.ac.in (MTech)
Level of programmes offered | Undergraduate, Postgraduate & Doctoral-level courses
Popular programmes | BTech|MTech|PhD"
5,IIT Kharagpur - Indian Institute of Technology,Salary :  24.00 Lakh,4India Today ' 23Not RankedTimes ' 24Not RankedOutlook ' 24,https://www.shiksha.com/college/iit-kharagpur-indian-institute-of-technology-2999/courses,M.E./M.Tech,https://www.shiksha.com/college/iit-kharagpur-indian-institute-of-technology-2999/courses/me-mtech-bc,Eligibility Criteria Accepted Exam GATE JEE Main JEE Advanced + 2 more Graduation score 60% 10+2 score 75%,"IIT Kharagpur offers a comprehensive Joint M.Tech-PhD or MCP-PhD programme with 42 specialisations at the postgraduate level, requiring a valid GATE exam score for admission. Eligible students with a CGPA of 8.0 and above after the first year can pursue a written test and/or interview for potential enrollment in the PhD programme. Those not qualifying for PhD can continue the two-year MTech/MCP programme. Successful PhD candidates must fulfil the academic requirements of the MTech/MCP programme before being enrolled in the PhD, and both degrees are awarded upon PhD completion. The programme is open to students with a Bachelor's degree in relevant fields and valid GATE scores, with reserved seats for various categories. Admission for the 2024 session is available through GATE, including provisions for B.Tech candidates from IITs with a CGPA of over 8.0 and sponsored candidates. Net-qualified candidates with fellowships are accepted exclusively for the MCP programme. To be eligible for the IIT Kharagpur Joint MTech/MCP PhD programme, candidates must meet with the minimum eligibility criteria. Some of the key highlights around Joint MTech-PhD or MCP (City Planning)-PhD programmes around their fee and seat intake are as follows: Particulars IIT Kharagpur MTech Highlights Duration 2 years Common eligibility - BE/ BTech/ BArch/ or a masters' degree in Science/ Arts with a minimum of 60% aggregate (55% aggregate for SC/ ST/ PwD) OR qualifications obtained through exams conducted by professional societies recognized by UPSC/AICTE with a minimum of 60% aggregate (55% aggregate for SC/ ST/ PwD) - Applicants must qualify in a GATE paper appropriate to the discipline of their qualifying degree (if a GATE paper is available in such a discipline). Only for those disciplines where there is no relevant GATE paper, XE/XL/XH papers of the GATE examination is applicable - NET-qualified applicants are also eligible for admission to MCP Eligibility for NET-qualified candidates - NET qualified candidates with fellowship having MA or MSc in Economics/ Sociology/ Geography and have studied Mathematics/ Statistics at Class 12 or graduate level are eligible to be considered for selection to the MCP-PhD programme - Applicants with a master's in Science must have 60% or above aggregate (55% marks or equivalent CGPA for masters' in Arts or Social Science subjects) Accepted entrance exam GATE Read more","IIT Kharagpur M.E./M.Tech What’s new? The GATE COAP 2025 registration is open for the ME/MTech courses , and the deadline is May 15, 2025 . Further, the GATE COAP 2025 round 1 window to view offers and take a decision will be opened on May 17, 2025 (10 AM).","IIT Kharagpur admission 2025 is currently open for the MSc, BArch and MTech courses. For its flagship BTech programme, the institute accepts JEE Advanced scores for admission. Candidates are required to qualifyJEE Mainexam before appearing for JEE Advanced. Additionally, the institute accepts CAT scores for admission to MBA. Apart from its flagship program,IIT Kharagpuroffers BSc/BS, Integrated MTech, Integrated MSc, LLM, MBA, and E-MBA, along with PhD programmes to the students. Admission to allIIT Kharagpur coursesis based on scores obtained in the entrance examinations such as GATE, IIT JAM, and CAT exams, among others.
Students applying for BTech at IIT Kharagpur need to start with registration for JEE Main followed by appearing for the exam and counselling. Below is detailed infographic on IIT Kharagpur admission process for the reference of the students:
IIT Kharagpur Admission Highlights 2025
IIT Kharagpur, renowned for its flagship BTech programme, admits students based on JEE Advanced scores, requiring qualification in the JEE Main exam. For MBA admissions, CAT scores are accepted. In addition to the flagship BTech, the institute offers diverse programs like BSc/BS, Integrated MTech, Integrated MSc, LLM, MBA, and E-MBA, along with PhD programmes. Admissions to all courses are determined by scores fromIIT Kharagpur examssuch as GATE, IIT JAM, and CAT. Explore the 2025 admission highlights below:
Particulars
IIT Kharagpur Admission 2025 Highlights
Mode of study
Regular/ Full-Time
Programmes Offered
How to apply?
jeemain.nta.nic.in (BTech)
gate2025.iisc.ac.in (MTech)
Level of programmes offered
Undergraduate, Postgraduate & Doctoral-level courses
Popular programmes
BTech|MTech|PhD
NOTE:The information available in the above table is sourced from various sources on the internet. Hence, is indicative.
IIT Kharagpur admission is completely entrance-based. Students are selected based on various national-level entrance exams like JEE Main,JEE Advanced,GATE, etc. Indian Institute of Technology (IIT Kharagpur) offers a range of UG, PG, and doctoral courses in Engineering, Management and Science, among others, admission to which is completely an online process conducted via the relevant exam and their conducting bodies. The below table mentions the eligibility and selection for allUG, PG and doctoral-level programmes offered by IIT Kharagpur:
Class 12 with 75% aggregate
JEE Main+JEE Advanced+JoSAA Counselling
Integrated MTech
Class 12 with 75% aggregate
JEE Main + JEE Advanced + JoSAA Counselling
MTech MCP-PhD
UG degree with 60% aggregate
CAT+ Personal Interview (PI)
Class 12 with 75% aggregate
JEE Main + JEE Advanced +JoSAA Counselling
Class 12 with 75% aggregate
JEE Main + JEE Advanced + JoSAA Counselling
LLB degree with 55%
Computer Based Test (CBT) and PI
4-year UG or PG degree with 55%
CAT+ PI
UG degree with at least 60% + 3 years of experience
Written Test and PI
Master's degree with 55%
GATE/JRF/ NET/JEST/CSIR- NET JRF/ COGJET/CAT/GMAT/CEED/ Institute-level test PI
To check out the admission process for other IIT KGP UG & PG courses,make your course selection here
The IIT Kharagpur fees encompass several elements, including tuition fees, hostel fees, admission fees, caution deposits, and more. Certain components are one-time charges included in the overall course fee. Throughout the course, candidates are required to pay fees on a semester-wise basis. The table below outlines the tuition fees specific to each course:
Download:IIT Kharagpur Fees
IIT Kharagpur is one of the ranked IITs of India. Students can check the below infographic to know if IIT Kharagpur is worth taking admission in:
IIT Kharagpur Seats 2025
The seat allotment at IITs is carried out as per the JoSAA seat matrix. For seat allotment, candidates have to participate in the counselling procedure. Find below the IIT Kharagpur seat intake for some of the courses:
IIT Kharagpur has a multi-step admission process which students need to follow to get into the institute. Beginning with the application, interested candidates are required to go through the course-specific entrance exam followed by other selection rounds (if applicable). After the selection rounds are over, students are required to go through the exam-specific counselling process for final seat allotment. A step-by-step process of admission is as mentioned below:
Step 1: IIT Kharagpur Application Process 2025
Students interested in getting into IIT Kharagpur must submit the online application form for course-specific entrance exam or college depending on the course they wish to get into.
Step 2: IIT Kharagpur University Selection Criteria 2025 & Release of Merit List
After submission of the applications, applicants are required to go through the course-based entrance exam followed by other selection rounds (if applicable). After the selection rounds are completed, they are required to go through the course-wise counselling process for final seat allocation. For PhD, LLM and MBA, merit lists are released on the official website (with the names of the shortlisted students).
Step 3: Admission Confirmation at IIT Kharagpur
After completion of the selection rounds, students who are shortlisted can submit the admission charges and confirm their admission to the relevant course at IIT Kharagpur.
The right approach and a preparation plan for admission to BTech at IIT Kharagpur is all that is needed to ace JEE Main. While students who are serious about getting into an IIT start preparing from Class 11, a prep strategy for the exam is mentioned below:
While the short-term goal must be to clear JEE Main, the ultimate objective must be to qualify JEE Advanced exam, check out thepreparation strategy for JEE Advanced.
Quick Links
IIT Kharagpur Courses and Fees
IIT Kharagpur Students Reviews
Joint MTech/ MCP-PhD Brochure
IIT Kharagpur Placement Brochure
For more information about IIT Kharagpur check out the below video:
The minimum percentage required for admission to IIT Kharagpur is different for different courses. However, IIT Kharagpur admission is completely entrance-based. Students are selected based on various national-level entrance exams like JEE Main, JEE Advanced, GATE, etc. The below table mentions the minimum percentage required by the students in the last qualifying degree to be eligible for some of the popularIIT KGP courses:
4-year UG or PG degree with 55%
Popular Courses at IIT-KGP
Eligibility & Selection Criteria
BTech
Class 12 with 75% aggregate
Integrated MTech
Class 12 with 75% aggregate
MTech MCP-PhD
UG degree with 60% aggregate
BArch
Class 12 with 75% aggregate
BSc
Class 12 with 75% aggregate
PhD
LLB degree with 55%
BTech
E-MBA
UG degree with at least 60% + 3 years of experience
PhD
Master's degree with 55%
Read more onIIT KGP Admission Processhere.
No, IIT Kharagpur does not offer direct admission to the students. Admission to all the courses is either entrance-based or is subject to rigorous selection rounds inclusive of Personal Interviews conducted by the institute. The institute accepts JEE Advanced scores for admission to BTech. Candidates are required to qualify JEE Main exam prior to appearing for JEE Advanced. Apart from its flagship program,IIT Kharagpuroffers BSc/BS, Integrated MTech, Integrated MSc, LLM, MBA, E-MBA, along with PhD programmes to the students and admission to all courses is based on scores obtained in the entrance examinations such asGATE,IIT JAMandCATexams, among others.
The answer is no. It is possible to get admission in any IIT with JEE Main score provided a student also qualifies the JEE Advanced exam. As per the official details of IIT Kharagpur admission, admission to IIT KGP fBTech programme is subject to a valid score in JEE Main and JEE Advanced followed by JoSAA Counselling. Additionally, students must have also completed their Class 12 with 75% aggregate (for the General category).
However, there are other courses offered at IIT Kharagpur which does not require a student to have a score in JEE Advanced, such as LLM, PhD and MBA. If the dream is just to study at IIT Kharagpur, students can also opt for other courses basis their current eligibility and course requirements.
For more details on the subject, students can reach out to the admission office.
Yes, you can join IIT Kharagpur after completing your 12th grade. To be eligible for B.Tech, B.A, or B.Arch admissions at IIT Kharagpur, students must have passed Class 12th from a recognised board with a minimum of 75% marks in the Science stream. The admission process involves shortlisting based on national-level entrance exams like JEE Main and JEE Advanced. Once shortlisted, students need to participate in the Joint Seat Allocation Authority (JoSAA) counselling for final seat allocation.
IIT Kharagpur provides a full-time BE/BTech programme that takes 4 years to complete. To be admitted to this programme, students must have good scores in the JEE Main exam. Find below the IIT Kharagpur BTech College Comparison infographic:
IIT Kharagpur BTech feesis between INR 8 Lacs and INR 10 lakh. However, this fee is been sourced from unofficial sources. Hence, is indicative. For the exact fee, students can reach out to the admission office. Other than this, students are required to pay the JEE Main application fee which is INR 625 (for boys) and INR 325 (for girls). For JEE Advanced, the application fee ranges from INR 1,400 to INR 2,800 for different category students. Read more aboutIIT-KGP BTech fee and other details here.
To answer the second question of whether IIT Kharagpur BTech fee is expensive or not, the fee for all IITs is almost similar to each other. However, it is comparatively less than top private BTech colleges such as BITS where the BTech tuition fee goes up till INR 19 lakh.
Not getting into IIT Kharagpur or any other top IIT shouldnot be considered an end to a student’s career. WhileIIT Kharagpur average packageis INR 18.75 LPA for its 2023 placements batch,can IIT Kharagpur guaranteethe same for each and every student of the batch? The answer is no. What truly matters is a student’s dream to pursue a career in Engineering and as long as they are ready to work on their learning and are focused towards achieving their goal, they must not feel defeated in case of not getting into IIT Kharagpur.
Additionally, students always have an option togo for other good private and government universitiesand colleges to pursue their BTech degree. Some of these options are as follows:
BTech College Name
Avg/ Median Package
Total Tuition Fee (BTech)
BTech Admission Process
NIT Tiruchirapalli
(NIRF Rank 9)
INR 12 LPA
INR 5 lakh
Class 12 with PCM/ PBM +JEE Main+JoSAA Counselling
Jadavpur University
(NIRF Rank 10)
INR 10 LPA
INR 9,600 - INR 1.2 lakh
Class 12 with a minimum aggregate of 60% +WBJEE+ Counselling
VIT Vellore
(NIRF Rank 11)
INR 9.23 LPA
INR 4.9 lakh - INR 7.8 lakh
Class 12 with PCM/ PCB with at least 60% (50% for SC/ ST and others) +VITEEE+ Counselling
Amrita School of Engineering, Amrita Vishwa Vidyapeetham
(NIRF Rank 19)
INR 4.50 LPA
INR 10 lakh - INR 17 lakh
Class 12 with a minimum 45% of aggregate + JEE Main,TNEA,AEEE
BITS Pilani
(NIRF Rank 25)
INR 30.37 LPA
INR 20 lakh
Class 12 with minimum of 75% + BITSAT
Jamia Millia Islamia
(NIRF Rank 26)
INR 10 LPA
INR 64,600
Class 12 with PCM with 55%/ 3-4 year diploma with 55% +JEE Main
SRM IST
(NIRF Rank 28)
INR 9.5 LPA
INR 5 lakh - INR 12 lakh
Class 12 with minimum 50%- 60%  + JEE Main,SRMJEE,TANCET,SAT India
Amity University
(NIRF Rank 31)
INR 5.50 LPA
INR 7.5 lakh - INR 25.9 lakh
Class 12 with PCM/ PCB with an aggregate of 60% (55% for Sponsored students) + PI
Chandigarh University
(NIRF Rank 38)
INR 9.54 LPA
INR 4.7 lakh - INR 14.6 lakh
Class 12 with at least 50-60% aggregate +CUCET/JEE Main
LPU
(NIRF Rank 50)
INR 8.0 LPA
INR 8.4 lakh - 16 lakh
Class 12 with PCM/PCB with 60% +LPUNEST/JEE Main/CUET(KQ Test + Interview for BTech CSE-Software Production)
The cut off rank in Round 6 for BTech (Hons) in Mechanical Engineering is 3294 which is very close to this range. This was for general category under All India quota. Unless the candidate belongs to some other category or domicile, one can not afford to score less than this. With this rank, there is a probability of getting admission however since, the cut offs keep changing from round to round, better ranks definitely increases your chances of getting admission in IIT Kharagpur.
Indian Institute of Technology Kharagpur and IIT Bombay are one of the best colleges in India that provides BTech along with various other programmes to students. They both are among the top-ranked Indian colleges. IIT Bombay is ranked three by NIRF 2023 for Engineering and IIT Kharagpur is ranked fifth by NIRF 2024 for Engineering. One can say that in some areas, one is the best while in some areas, the other college is the best. While both of them have IIT branding attached to them, a student might not be comfortable with one of these locations. Hence, considering the final decision depends on the quality of education, branches one is seeking to get into, location, affordability, and lot of other factors. So the candidates must decide themselves according to their own interests which one is the best.
At the postgraduate level, IIT Kharagpur offers aJoint MTech-PhDorMCP (City Planning)-PhDto students across42 specialisations. Admission to these courses is subject to a valid score on theGATEexam.
To be eligible for IIT Kharagpur's Joint MTech/MCP PhD programme, candidates need a BE/BTech/BArch degree or a master's in Science/Arts with a minimum of 60% aggregate (55% for SC/ST/PwD). Qualifications from exams by recognised professional societies are also accepted. Applicants must have a valid GATE score relevant to their qualifying discipline, and in the absence of a specific GATE paper, XE/XL/XH papers can be considered. NET-qualified candidates with a fellowship in MA/MSc Economics/Sociology/Geography, having studied Mathematics/Statistics, are eligible for MCP-PhD. A master's in Science requires a 60% or above aggregate (55% for Arts/Social Science subjects). GATE is the accepted entrance exam.
Admission to the M.Tech programme at IIT Kharagpur through GATE involves securing a GATE score and applying individually to each IIT. Shortlisting occurs, followed by interviews that might clash with different IITs. The number of applicants, shortlisted candidates, available seats, and interview performance impact the final selection. Some courses consider only GATE scores, and selected candidate lists are available on IIT portals or through COAP, a centralised platform for locking seats. Successful admission requires thorough preparation for technical interviews and adherence to specific procedures outlined by IIT Kharagpur.
Yes, IIT Kharagpur does accept GATE scores for admission to its M.Tech programme. Applicants must have a valid GATE score relevant to the discipline of their qualifying degree. In cases where there is no specific GATE paper available for a particular discipline, XE/XL/XH papers of the GATE examination can be considered. GATE is the accepted entrance exam for admission to IIT Kharagpur's M.Tech programme.
IIT Kharagpur offers a four-year BSc programme along with a five-year Integrated MSc programme across six specialisations each. Those willing to pursue a PG integrated course can take admission in BSc-MSc Integrated, criteria and admission process of which is same as that of BSc. Admission to both these courses is based on JEE Main and JEE Advanced scores followed by JoSAA counselling.
IIT Kharagpur also offers a Joint MSc-PhD course in eight specialisations. The duration for this course is five years and admission to the same is based onIIT JAMscore followed by the interview.
Joint Admission Test for MSc (JAM) is an all-India examination conducted jointly by Indian Institutes of Technology and Indian Institute of Science. JAM is an all India entrance examination for admission to MSc, Joint MSc-PhD, MSc-PhD dual degree and other post-UG degree programmes at IITs and IISc.
IIT Kharagpur via itsVinod Gupta School of Managementoffers a two-year MBA degree to students across seven specialisations and one micro specialisation. The flagship programme of Vinod Gupta School of Management (VGSOM), MBA is a residential programme for graduate Engineers and those with a master's degree in Science, Economics and Commerce.
For admission to MBA at VGSOM (IIT Kharagpur), candidates need to qualifyCATfollowed by group discussion and personal interview round. The minimum CAT percentile required is 90 for general category students. For NC-OBC and SC/ ST/ PwD the minimum CAT percentile required is 80 and 75 respectively.
To be eligible for admission to MBA at VGSOM, candidates must have the following:
Selection of candidates for admission to MBA at VGSoM, IIT Kharagpur is a two-step process. The applicants are shortlisted based on eligibility criteria and called for an online Personal Interview (PI). Final admission to MBA is offered on the basis of a cumulative score of the Application Rating (AR), performance score in CAT, and the candidate’s performance in the online PI round. PFB the minimum CAT percentile requirement for selection:
Category
Total Percentile
General/EWS
90
NC-OBC
80
SC
75
ST
75
PwD
75
The selection of candidates for admission to the MBA programme at VGSoM (IIT Kharagpur) is a two-step procedure. Applicants, who are shortlisted based on the eligibility criteria are called for an online Personal Interview (PI). Final admission to the MBA programme is then offered on the basis of a cumulative score of the application rating (AR), performance score in CAT 2024, and the candidate’s performance in the online PI process. Check out more details onIIT Kharagpur MBA selection process here.
IIT Kharagpur is one of the oldest and reputed institution in the country known for its Engineering education. However, the brand name is also a key factor for candidates while choosing it to pursue higher education in the field of Management, i.e., MBA. To support its reputation, ranking received by VGSOM (B-School of IIT Kharagpur) for MBA over the past three years by NIRF is as follows:
Ranking Body
2021
2022
2023
NIRF
9
14
14
Other than the ranking, the key highlights related to IIT Kharagpur MBA placements 2023 via VGSOM are tabulated below:
Particulars
Statistics
Total students placed
94
the highest salary
INR 43.37 LPA
Average salary
INR 21.04 LPA
Median salary
INR 22.13 LPA
Top recruiters
Accenture, Amazon, Berger, IBM, etc.
The institute has given weightage to all the sections in CAT cut-off for the final shortlisting of the students. For General category candidates, the minimum CAT overall percentile is 90. This is relaxed for reserved category students and stands at 80 percentile for NC-OBC category students and 75 for SC, ST and PwD students. However, for final admisison, there is only an overall cutoff. For General category candidates, minimum CAT percentile is 90. This will be relaxed for category students as per the Government of India norms.
IIT Kharagpur offers PhD courses to students at the doctoral level with a minimum and maximum duration of three and eight years, respectively. The area of research is available in 19 departments, 12 schools and 12 centres in the areas ofEngineering, Technology, Science, Architecture & Regional Planning, Humanities & Social Sciences, Rural Development, Law, ManagementandMedicine.
IIT Kharagpur offers a BArch programme of five-year duration to students who have qualifiedfor JEE Main (paper-II)followed byJEE Advanced. Aspirants qualifying the JEE Advanced exam need to qualify Architecture Aptitude Test (AAT) conducted by IIT Kharagpur for admission to the BArch programme followed by JoSAA counselling.
IIT Kharagpur offers a two-year LLM programme via Rajiv Gandhi School of Intellectual Property Law. The school, currently, offers Intellectual Property Rights specialisations but may expand to other specialisations, such as International Law and others in the future. Workshops, clinical legal courses, and courtroom exercises provide the students with in-house training in practical aspects during their course perusal.
IIT Kharagpur provides an M.Plan programme. To be eligible for this programme the aspiring candidates need a minimum of 60%.
IIT Kharagpur provides an MArch programme. The eligibility criteria for admission to the MArch programme is graduation with 60%.
IIT Kharagpur provides LLB programme.
IIT Kharagpur MA admission takes place through GATE. To be eligible for the MA programme the aspiring candidates need a BA degree.

ADMISSION HIGHLIGHTS:
Particulars | IIT Kharagpur Admission 2025 Highlights
Mode of study | Regular/ Full-Time
Programmes Offered | 14 courses across multiple specialisations
How to apply? | jeemain.nta.nic.in (BTech)gate2025.iisc.ac.in (MTech)
Level of programmes offered | Undergraduate, Postgraduate & Doctoral-level courses
Popular programmes | BTech|MTech|PhD"
5,IIT Kharagpur - Indian Institute of Technology,Salary :  24.00 Lakh,4India Today ' 23Not RankedTimes ' 24Not RankedOutlook ' 24,https://www.shiksha.com/college/iit-kharagpur-indian-institute-of-technology-2999/courses,B.Sc.,https://www.shiksha.com/college/iit-kharagpur-indian-institute-of-technology-2999/courses/bsc-bc,Eligibility Criteria Accepted Exam JEE Advanced JEE Main + 1 more 10+2 score 75%,"BSc at IIT Kharagpur is a four-year UG-level programme offered with six specialisations for students to choose from. IIT Kharagpur also offers a five-year Integrated MSc programme for students willing to pursue a PG integrated course. Under this programme, the university offers various specilaisations including Physics, Economics, Applied Geology , and more. Admission to both of these courses is based on JEE Main and JEE Advanced scores, followed by JoSAA counselling. Candidates seeking admission must qualify for both the entrance exams for admission to IIT Kharagpur. In order to be eligible to apply for IIT Kharagpur BSc courses , candidates must have completed Class 12 with a minimum of 75% aggregate with Physics, Chemistry, and Mathematics as compulsory subjects. Candidates should have been born on or after October 1, 1999. Five years’ age relaxation is given to SC, ST, and PwD candidates, i.e., these candidates should have been born on or after October 1, 1994. IIT Kharagpur BSc Fees 2025 The fee structure for IIT-KGP courses includes various components. Out of all the fee components, there are a few that are charged one-time. However, some are to be paid semester-wise or annually, such as the tuition fees. The total tuition fees for BSc courses range between INR 8 and INR 10 lakhs . This fee, however, is sourced from unofficial sources. Hence, is indicative. For the exact fee, students are advised to reach out to the admission office for details. Check the below table to know more about IIT-KGP BSc admissions: Read more","IIT Kharagpur B.Sc. What’s new? JEE Advanced 2025 exam dates are out. IIT Madras will be conducting JEE Advanced 2025 Exam on May 26, 2025 .","IIT Kharagpur admission 2025 is currently open for the MSc, BArch and MTech courses. For its flagship BTech programme, the institute accepts JEE Advanced scores for admission. Candidates are required to qualifyJEE Mainexam before appearing for JEE Advanced. Additionally, the institute accepts CAT scores for admission to MBA. Apart from its flagship program,IIT Kharagpuroffers BSc/BS, Integrated MTech, Integrated MSc, LLM, MBA, and E-MBA, along with PhD programmes to the students. Admission to allIIT Kharagpur coursesis based on scores obtained in the entrance examinations such as GATE, IIT JAM, and CAT exams, among others.
Students applying for BTech at IIT Kharagpur need to start with registration for JEE Main followed by appearing for the exam and counselling. Below is detailed infographic on IIT Kharagpur admission process for the reference of the students:
IIT Kharagpur Admission Highlights 2025
IIT Kharagpur, renowned for its flagship BTech programme, admits students based on JEE Advanced scores, requiring qualification in the JEE Main exam. For MBA admissions, CAT scores are accepted. In addition to the flagship BTech, the institute offers diverse programs like BSc/BS, Integrated MTech, Integrated MSc, LLM, MBA, and E-MBA, along with PhD programmes. Admissions to all courses are determined by scores fromIIT Kharagpur examssuch as GATE, IIT JAM, and CAT. Explore the 2025 admission highlights below:
Particulars
IIT Kharagpur Admission 2025 Highlights
Mode of study
Regular/ Full-Time
Programmes Offered
How to apply?
jeemain.nta.nic.in (BTech)
gate2025.iisc.ac.in (MTech)
Level of programmes offered
Undergraduate, Postgraduate & Doctoral-level courses
Popular programmes
BTech|MTech|PhD
NOTE:The information available in the above table is sourced from various sources on the internet. Hence, is indicative.
IIT Kharagpur admission is completely entrance-based. Students are selected based on various national-level entrance exams like JEE Main,JEE Advanced,GATE, etc. Indian Institute of Technology (IIT Kharagpur) offers a range of UG, PG, and doctoral courses in Engineering, Management and Science, among others, admission to which is completely an online process conducted via the relevant exam and their conducting bodies. The below table mentions the eligibility and selection for allUG, PG and doctoral-level programmes offered by IIT Kharagpur:
Class 12 with 75% aggregate
JEE Main+JEE Advanced+JoSAA Counselling
Integrated MTech
Class 12 with 75% aggregate
JEE Main + JEE Advanced + JoSAA Counselling
MTech MCP-PhD
UG degree with 60% aggregate
CAT+ Personal Interview (PI)
Class 12 with 75% aggregate
JEE Main + JEE Advanced +JoSAA Counselling
Class 12 with 75% aggregate
JEE Main + JEE Advanced + JoSAA Counselling
LLB degree with 55%
Computer Based Test (CBT) and PI
4-year UG or PG degree with 55%
CAT+ PI
UG degree with at least 60% + 3 years of experience
Written Test and PI
Master's degree with 55%
GATE/JRF/ NET/JEST/CSIR- NET JRF/ COGJET/CAT/GMAT/CEED/ Institute-level test PI
To check out the admission process for other IIT KGP UG & PG courses,make your course selection here
The IIT Kharagpur fees encompass several elements, including tuition fees, hostel fees, admission fees, caution deposits, and more. Certain components are one-time charges included in the overall course fee. Throughout the course, candidates are required to pay fees on a semester-wise basis. The table below outlines the tuition fees specific to each course:
Download:IIT Kharagpur Fees
IIT Kharagpur is one of the ranked IITs of India. Students can check the below infographic to know if IIT Kharagpur is worth taking admission in:
IIT Kharagpur Seats 2025
The seat allotment at IITs is carried out as per the JoSAA seat matrix. For seat allotment, candidates have to participate in the counselling procedure. Find below the IIT Kharagpur seat intake for some of the courses:
IIT Kharagpur has a multi-step admission process which students need to follow to get into the institute. Beginning with the application, interested candidates are required to go through the course-specific entrance exam followed by other selection rounds (if applicable). After the selection rounds are over, students are required to go through the exam-specific counselling process for final seat allotment. A step-by-step process of admission is as mentioned below:
Step 1: IIT Kharagpur Application Process 2025
Students interested in getting into IIT Kharagpur must submit the online application form for course-specific entrance exam or college depending on the course they wish to get into.
Step 2: IIT Kharagpur University Selection Criteria 2025 & Release of Merit List
After submission of the applications, applicants are required to go through the course-based entrance exam followed by other selection rounds (if applicable). After the selection rounds are completed, they are required to go through the course-wise counselling process for final seat allocation. For PhD, LLM and MBA, merit lists are released on the official website (with the names of the shortlisted students).
Step 3: Admission Confirmation at IIT Kharagpur
After completion of the selection rounds, students who are shortlisted can submit the admission charges and confirm their admission to the relevant course at IIT Kharagpur.
The right approach and a preparation plan for admission to BTech at IIT Kharagpur is all that is needed to ace JEE Main. While students who are serious about getting into an IIT start preparing from Class 11, a prep strategy for the exam is mentioned below:
While the short-term goal must be to clear JEE Main, the ultimate objective must be to qualify JEE Advanced exam, check out thepreparation strategy for JEE Advanced.
Quick Links
IIT Kharagpur Courses and Fees
IIT Kharagpur Students Reviews
Joint MTech/ MCP-PhD Brochure
IIT Kharagpur Placement Brochure
For more information about IIT Kharagpur check out the below video:
The minimum percentage required for admission to IIT Kharagpur is different for different courses. However, IIT Kharagpur admission is completely entrance-based. Students are selected based on various national-level entrance exams like JEE Main, JEE Advanced, GATE, etc. The below table mentions the minimum percentage required by the students in the last qualifying degree to be eligible for some of the popularIIT KGP courses:
4-year UG or PG degree with 55%
Popular Courses at IIT-KGP
Eligibility & Selection Criteria
BTech
Class 12 with 75% aggregate
Integrated MTech
Class 12 with 75% aggregate
MTech MCP-PhD
UG degree with 60% aggregate
BArch
Class 12 with 75% aggregate
BSc
Class 12 with 75% aggregate
PhD
LLB degree with 55%
BTech
E-MBA
UG degree with at least 60% + 3 years of experience
PhD
Master's degree with 55%
Read more onIIT KGP Admission Processhere.
No, IIT Kharagpur does not offer direct admission to the students. Admission to all the courses is either entrance-based or is subject to rigorous selection rounds inclusive of Personal Interviews conducted by the institute. The institute accepts JEE Advanced scores for admission to BTech. Candidates are required to qualify JEE Main exam prior to appearing for JEE Advanced. Apart from its flagship program,IIT Kharagpuroffers BSc/BS, Integrated MTech, Integrated MSc, LLM, MBA, E-MBA, along with PhD programmes to the students and admission to all courses is based on scores obtained in the entrance examinations such asGATE,IIT JAMandCATexams, among others.
The answer is no. It is possible to get admission in any IIT with JEE Main score provided a student also qualifies the JEE Advanced exam. As per the official details of IIT Kharagpur admission, admission to IIT KGP fBTech programme is subject to a valid score in JEE Main and JEE Advanced followed by JoSAA Counselling. Additionally, students must have also completed their Class 12 with 75% aggregate (for the General category).
However, there are other courses offered at IIT Kharagpur which does not require a student to have a score in JEE Advanced, such as LLM, PhD and MBA. If the dream is just to study at IIT Kharagpur, students can also opt for other courses basis their current eligibility and course requirements.
For more details on the subject, students can reach out to the admission office.
Yes, you can join IIT Kharagpur after completing your 12th grade. To be eligible for B.Tech, B.A, or B.Arch admissions at IIT Kharagpur, students must have passed Class 12th from a recognised board with a minimum of 75% marks in the Science stream. The admission process involves shortlisting based on national-level entrance exams like JEE Main and JEE Advanced. Once shortlisted, students need to participate in the Joint Seat Allocation Authority (JoSAA) counselling for final seat allocation.
IIT Kharagpur provides a full-time BE/BTech programme that takes 4 years to complete. To be admitted to this programme, students must have good scores in the JEE Main exam. Find below the IIT Kharagpur BTech College Comparison infographic:
IIT Kharagpur BTech feesis between INR 8 Lacs and INR 10 lakh. However, this fee is been sourced from unofficial sources. Hence, is indicative. For the exact fee, students can reach out to the admission office. Other than this, students are required to pay the JEE Main application fee which is INR 625 (for boys) and INR 325 (for girls). For JEE Advanced, the application fee ranges from INR 1,400 to INR 2,800 for different category students. Read more aboutIIT-KGP BTech fee and other details here.
To answer the second question of whether IIT Kharagpur BTech fee is expensive or not, the fee for all IITs is almost similar to each other. However, it is comparatively less than top private BTech colleges such as BITS where the BTech tuition fee goes up till INR 19 lakh.
Not getting into IIT Kharagpur or any other top IIT shouldnot be considered an end to a student’s career. WhileIIT Kharagpur average packageis INR 18.75 LPA for its 2023 placements batch,can IIT Kharagpur guaranteethe same for each and every student of the batch? The answer is no. What truly matters is a student’s dream to pursue a career in Engineering and as long as they are ready to work on their learning and are focused towards achieving their goal, they must not feel defeated in case of not getting into IIT Kharagpur.
Additionally, students always have an option togo for other good private and government universitiesand colleges to pursue their BTech degree. Some of these options are as follows:
BTech College Name
Avg/ Median Package
Total Tuition Fee (BTech)
BTech Admission Process
NIT Tiruchirapalli
(NIRF Rank 9)
INR 12 LPA
INR 5 lakh
Class 12 with PCM/ PBM +JEE Main+JoSAA Counselling
Jadavpur University
(NIRF Rank 10)
INR 10 LPA
INR 9,600 - INR 1.2 lakh
Class 12 with a minimum aggregate of 60% +WBJEE+ Counselling
VIT Vellore
(NIRF Rank 11)
INR 9.23 LPA
INR 4.9 lakh - INR 7.8 lakh
Class 12 with PCM/ PCB with at least 60% (50% for SC/ ST and others) +VITEEE+ Counselling
Amrita School of Engineering, Amrita Vishwa Vidyapeetham
(NIRF Rank 19)
INR 4.50 LPA
INR 10 lakh - INR 17 lakh
Class 12 with a minimum 45% of aggregate + JEE Main,TNEA,AEEE
BITS Pilani
(NIRF Rank 25)
INR 30.37 LPA
INR 20 lakh
Class 12 with minimum of 75% + BITSAT
Jamia Millia Islamia
(NIRF Rank 26)
INR 10 LPA
INR 64,600
Class 12 with PCM with 55%/ 3-4 year diploma with 55% +JEE Main
SRM IST
(NIRF Rank 28)
INR 9.5 LPA
INR 5 lakh - INR 12 lakh
Class 12 with minimum 50%- 60%  + JEE Main,SRMJEE,TANCET,SAT India
Amity University
(NIRF Rank 31)
INR 5.50 LPA
INR 7.5 lakh - INR 25.9 lakh
Class 12 with PCM/ PCB with an aggregate of 60% (55% for Sponsored students) + PI
Chandigarh University
(NIRF Rank 38)
INR 9.54 LPA
INR 4.7 lakh - INR 14.6 lakh
Class 12 with at least 50-60% aggregate +CUCET/JEE Main
LPU
(NIRF Rank 50)
INR 8.0 LPA
INR 8.4 lakh - 16 lakh
Class 12 with PCM/PCB with 60% +LPUNEST/JEE Main/CUET(KQ Test + Interview for BTech CSE-Software Production)
The cut off rank in Round 6 for BTech (Hons) in Mechanical Engineering is 3294 which is very close to this range. This was for general category under All India quota. Unless the candidate belongs to some other category or domicile, one can not afford to score less than this. With this rank, there is a probability of getting admission however since, the cut offs keep changing from round to round, better ranks definitely increases your chances of getting admission in IIT Kharagpur.
Indian Institute of Technology Kharagpur and IIT Bombay are one of the best colleges in India that provides BTech along with various other programmes to students. They both are among the top-ranked Indian colleges. IIT Bombay is ranked three by NIRF 2023 for Engineering and IIT Kharagpur is ranked fifth by NIRF 2024 for Engineering. One can say that in some areas, one is the best while in some areas, the other college is the best. While both of them have IIT branding attached to them, a student might not be comfortable with one of these locations. Hence, considering the final decision depends on the quality of education, branches one is seeking to get into, location, affordability, and lot of other factors. So the candidates must decide themselves according to their own interests which one is the best.
At the postgraduate level, IIT Kharagpur offers aJoint MTech-PhDorMCP (City Planning)-PhDto students across42 specialisations. Admission to these courses is subject to a valid score on theGATEexam.
To be eligible for IIT Kharagpur's Joint MTech/MCP PhD programme, candidates need a BE/BTech/BArch degree or a master's in Science/Arts with a minimum of 60% aggregate (55% for SC/ST/PwD). Qualifications from exams by recognised professional societies are also accepted. Applicants must have a valid GATE score relevant to their qualifying discipline, and in the absence of a specific GATE paper, XE/XL/XH papers can be considered. NET-qualified candidates with a fellowship in MA/MSc Economics/Sociology/Geography, having studied Mathematics/Statistics, are eligible for MCP-PhD. A master's in Science requires a 60% or above aggregate (55% for Arts/Social Science subjects). GATE is the accepted entrance exam.
Admission to the M.Tech programme at IIT Kharagpur through GATE involves securing a GATE score and applying individually to each IIT. Shortlisting occurs, followed by interviews that might clash with different IITs. The number of applicants, shortlisted candidates, available seats, and interview performance impact the final selection. Some courses consider only GATE scores, and selected candidate lists are available on IIT portals or through COAP, a centralised platform for locking seats. Successful admission requires thorough preparation for technical interviews and adherence to specific procedures outlined by IIT Kharagpur.
Yes, IIT Kharagpur does accept GATE scores for admission to its M.Tech programme. Applicants must have a valid GATE score relevant to the discipline of their qualifying degree. In cases where there is no specific GATE paper available for a particular discipline, XE/XL/XH papers of the GATE examination can be considered. GATE is the accepted entrance exam for admission to IIT Kharagpur's M.Tech programme.
IIT Kharagpur offers a four-year BSc programme along with a five-year Integrated MSc programme across six specialisations each. Those willing to pursue a PG integrated course can take admission in BSc-MSc Integrated, criteria and admission process of which is same as that of BSc. Admission to both these courses is based on JEE Main and JEE Advanced scores followed by JoSAA counselling.
IIT Kharagpur also offers a Joint MSc-PhD course in eight specialisations. The duration for this course is five years and admission to the same is based onIIT JAMscore followed by the interview.
Joint Admission Test for MSc (JAM) is an all-India examination conducted jointly by Indian Institutes of Technology and Indian Institute of Science. JAM is an all India entrance examination for admission to MSc, Joint MSc-PhD, MSc-PhD dual degree and other post-UG degree programmes at IITs and IISc.
IIT Kharagpur via itsVinod Gupta School of Managementoffers a two-year MBA degree to students across seven specialisations and one micro specialisation. The flagship programme of Vinod Gupta School of Management (VGSOM), MBA is a residential programme for graduate Engineers and those with a master's degree in Science, Economics and Commerce.
For admission to MBA at VGSOM (IIT Kharagpur), candidates need to qualifyCATfollowed by group discussion and personal interview round. The minimum CAT percentile required is 90 for general category students. For NC-OBC and SC/ ST/ PwD the minimum CAT percentile required is 80 and 75 respectively.
To be eligible for admission to MBA at VGSOM, candidates must have the following:
Selection of candidates for admission to MBA at VGSoM, IIT Kharagpur is a two-step process. The applicants are shortlisted based on eligibility criteria and called for an online Personal Interview (PI). Final admission to MBA is offered on the basis of a cumulative score of the Application Rating (AR), performance score in CAT, and the candidate’s performance in the online PI round. PFB the minimum CAT percentile requirement for selection:
Category
Total Percentile
General/EWS
90
NC-OBC
80
SC
75
ST
75
PwD
75
The selection of candidates for admission to the MBA programme at VGSoM (IIT Kharagpur) is a two-step procedure. Applicants, who are shortlisted based on the eligibility criteria are called for an online Personal Interview (PI). Final admission to the MBA programme is then offered on the basis of a cumulative score of the application rating (AR), performance score in CAT 2024, and the candidate’s performance in the online PI process. Check out more details onIIT Kharagpur MBA selection process here.
IIT Kharagpur is one of the oldest and reputed institution in the country known for its Engineering education. However, the brand name is also a key factor for candidates while choosing it to pursue higher education in the field of Management, i.e., MBA. To support its reputation, ranking received by VGSOM (B-School of IIT Kharagpur) for MBA over the past three years by NIRF is as follows:
Ranking Body
2021
2022
2023
NIRF
9
14
14
Other than the ranking, the key highlights related to IIT Kharagpur MBA placements 2023 via VGSOM are tabulated below:
Particulars
Statistics
Total students placed
94
the highest salary
INR 43.37 LPA
Average salary
INR 21.04 LPA
Median salary
INR 22.13 LPA
Top recruiters
Accenture, Amazon, Berger, IBM, etc.
The institute has given weightage to all the sections in CAT cut-off for the final shortlisting of the students. For General category candidates, the minimum CAT overall percentile is 90. This is relaxed for reserved category students and stands at 80 percentile for NC-OBC category students and 75 for SC, ST and PwD students. However, for final admisison, there is only an overall cutoff. For General category candidates, minimum CAT percentile is 90. This will be relaxed for category students as per the Government of India norms.
IIT Kharagpur offers PhD courses to students at the doctoral level with a minimum and maximum duration of three and eight years, respectively. The area of research is available in 19 departments, 12 schools and 12 centres in the areas ofEngineering, Technology, Science, Architecture & Regional Planning, Humanities & Social Sciences, Rural Development, Law, ManagementandMedicine.
IIT Kharagpur offers a BArch programme of five-year duration to students who have qualifiedfor JEE Main (paper-II)followed byJEE Advanced. Aspirants qualifying the JEE Advanced exam need to qualify Architecture Aptitude Test (AAT) conducted by IIT Kharagpur for admission to the BArch programme followed by JoSAA counselling.
IIT Kharagpur offers a two-year LLM programme via Rajiv Gandhi School of Intellectual Property Law. The school, currently, offers Intellectual Property Rights specialisations but may expand to other specialisations, such as International Law and others in the future. Workshops, clinical legal courses, and courtroom exercises provide the students with in-house training in practical aspects during their course perusal.
IIT Kharagpur provides an M.Plan programme. To be eligible for this programme the aspiring candidates need a minimum of 60%.
IIT Kharagpur provides an MArch programme. The eligibility criteria for admission to the MArch programme is graduation with 60%.
IIT Kharagpur provides LLB programme.
IIT Kharagpur MA admission takes place through GATE. To be eligible for the MA programme the aspiring candidates need a BA degree.

ADMISSION HIGHLIGHTS:
Particulars | IIT Kharagpur Admission 2025 Highlights
Mode of study | Regular/ Full-Time
Programmes Offered | 14 courses across multiple specialisations
How to apply? | jeemain.nta.nic.in (BTech)gate2025.iisc.ac.in (MTech)
Level of programmes offered | Undergraduate, Postgraduate & Doctoral-level courses
Popular programmes | BTech|MTech|PhD"
